InvoiceNumber,InvoiceDate,CustomerID,AddressLine,Town,Postcode,Status,TrackingID
IN5589,27/7/2021,C1813,Apt 368,Blackpool,KT28 7RQ,Completed,TV3102
IN5590,11/1/2024,C1861,Suite 15,Portsmouth,CV9 7AL,Completed,TG1642
IN5591,22/3/2021,C1827,Room 1007,Dover,PL11 6JX,Completed,TY2507
IN5592,19/11/2023,C2032,12th Floor,Canterbury,B16 8JQ,Completed,TI7485
IN5593,27/1/2020,C1851,14th Floor,Wicklow,TN36 1JY,Completed,TI6263
IN5594,4/11/2022,C2067,8th Floor,Worcester,WV6 4JX,Completed,TJ4246
IN5595,22/2/2024,C1814,3rd Floor,Inverness,LS7 9JT,Shipped,TE7551
IN5596,20/1/2022,C1766,Suite 28,Drogheda,GU18 6QJ,Completed,TF2214
IN5597,10/4/2023,C1946,Suite 45,Bangor,KT23 7RQ,Completed,TT8895
IN5598,14/12/2020,C2215,Suite 63,Manchester,YO14 5DD,Completed,TU9160
IN5599,17/4/2020,C1998,Room 553,London,YO11 5DD,Completed,TF8858
IN5600,23/3/2023,C1983,Suite 11,Salisbury,EH12 5JU,Completed,TS2575
IN5601,23/11/2021,C1762,Apt 1478,Bangor,KT17 1RQ,Completed,TS3788
IN5602,11/2/2022,C2113,Room 865,Luton,KT24 7RQ,Completed,TX2666
IN5603,4/7/2023,C1945,Room 237,Athlone,GU20 6QJ,Completed,TS4025
IN5604,20/2/2023,C2023,Apt 1844,Lancaster,EH16 5JW,Completed,TA9223
IN5605,11/9/2019,C2086,PO Box 51764,Worcester,GU16 6QJ,Completed,TK7340
IN5606,9/10/2022,C1939,Room 416,Armagh,SA1 3LW,Completed,TW1020
IN5607,2/6/2023,C2043,8th Floor,Swords,B17 8JQ,Completed,TQ1870
IN5608,5/7/2021,C1787,Room 635,Reading,CV7 7AL,Completed,TB0249
IN5609,28/2/2024,C2049,Suite 87,Lancaster,TN40 1JY,Processing,
IN5610,22/1/2021,C2080,Apt 1435,St. Andrews,TN38 1JY,Completed,TG0194
IN5611,16/12/2021,C2061,Suite 46,Aberdeen,TN39 1JY,Completed,TZ3245
IN5612,5/6/2022,C1810,Suite 51,Southampton,TN36 1JY,Completed,TV2610
IN5613,20/12/2021,C1872,Apt 863,Birmingham,WV1 4JX,Completed,TW7503
IN5614,12/3/2023,C2108,Apt 1242,Birmingham,YO15 5DD,Completed,TR4455
IN5615,30/12/2021,C2107,5th Floor,Wexford,B13 8JQ,Completed,TD3124
IN5616,12/1/2024,C1914,Apt 222,Drogheda,SA2 3LW,Completed,TF8115
IN5617,5/12/2022,C2189,PO Box 18709,Manchester,GU15 6QJ,Completed,TK2969
IN5618,10/2/2022,C2025,PO Box 41446,Newtownabbey,TN39 1JY,Completed,TX6054
IN5619,29/9/2019,C1988,4th Floor,Bangor,NW6 6XE,Completed,TU8865
IN5620,16/12/2021,C2240,Room 654,Aberystwyth,GU19 6QJ,Completed,TX7639
IN5621,10/2/2023,C2185,PO Box 69793,Mullingar,SA6 3LW,Cancelled,
IN5622,15/4/2023,C1882,Room 1294,Sheffield,KT25 7RQ,Cancelled,
IN5623,23/10/2019,C2199,PO Box 11650,Chester,YO16 5DD,Completed,TD5870
IN5624,5/11/2019,C1925,PO Box 62257,Norwich,GU15 6QJ,Completed,TY4033
IN5625,6/1/2020,C2130,PO Box 42587,Drogheda,WV4 4JX,Completed,TO1834
IN5626,4/10/2023,C2003,Suite 63,Glasgow,TN37 1JY,Completed,TJ8934
IN5627,17/9/2023,C1933,PO Box 28302,Salisbury,B14 8JQ,Completed,TN2704
IN5628,6/11/2020,C1910,PO Box 63803,Peterborough,LS8 9JT,Completed,TW0388
IN5629,11/8/2021,C2116,PO Box 70560,Aberdeen,TN37 1JY,Completed,TF0218
IN5630,2/4/2021,C2118,Room 503,Armagh,CV8 7AL,Completed,TZ5018
IN5631,4/5/2022,C2043,PO Box 41749,Stirling,EH18 5JW,Completed,TS1993
IN5632,2/2/2020,C1952,Room 1705,Athlone,SA6 3LW,Completed,TX2261
IN5633,1/9/2021,C1830,PO Box 32939,Birmingham,TN36 1JY,Completed,TE2171
IN5634,17/1/2021,C1919,19th Floor,Belfast,B16 8JQ,Completed,TX2089
IN5635,13/9/2022,C1871,13th Floor,Tullamore,AB30 3UJ,Cancelled,
IN5636,25/10/2023,C2215,PO Box 94183,Athlone,YO13 5DD,Completed,TA8141
IN5637,7/11/2020,C1821,1st Floor,Luton,SA1 3LW,Completed,TO0538
IN5638,11/1/2020,C1769,Suite 48,Athlone,B20 8JQ,Completed,TL6876
IN5639,15/7/2020,C2128,Suite 86,Blackpool,TN38 1JY,Completed,TW8714
IN5640,8/7/2019,C1869,Room 1240,Balbriggan,CV9 7AL,Completed,TM1265
IN5641,21/5/2019,C1851,PO Box 99857,Tralee,CV10 7AL,Completed,TZ5566
IN5642,7/8/2022,C2037,Room 898,Balbriggan,CV8 7AL,Completed,TM3165
IN5643,30/8/2022,C2149,Suite 76,Plymouth,YO13 5DD,Completed,TR8522
IN5644,25/3/2020,C1793,Apt 978,Dungannon,B20 8JQ,Completed,TM2214
IN5645,4/9/2022,C2239,18th Floor,Plymouth,B16 8JQ,Completed,TS7846
IN5646,10/4/2020,C2196,Room 1827,Chester,SA3 3LW,Completed,TJ2375
IN5647,29/6/2023,C2154,PO Box 67568,Swords,TN36 1JY,Completed,TV0099
IN5648,14/4/2023,C1866,PO Box 37133,Armagh,PL10 6JX,Completed,TW1774
IN5649,4/6/2021,C1772,20th Floor,Tullamore,KT27 7RQ,Completed,TP2545
IN5650,4/11/2023,C2008,Suite 85,Dungannon,NW11 6XE,Completed,TS4291
IN5651,28/1/2023,C2091,Apt 1840,St. Andrews,CV11 7AL,Completed,TD6562
IN5652,8/9/2022,C2161,Suite 36,Newry,EH22 5JW,Completed,TN9395
IN5653,25/8/2020,C1994,Apt 1629,Birmingham,KT23 7RQ,Completed,TF0113
IN5654,1/2/2023,C2000,3rd Floor,Ballymena,B18 8JQ,Completed,TU6715
IN5655,19/6/2019,C1937,8th Floor,Sligo,SA4 3LW,Cancelled,
IN5656,20/2/2021,C2213,Room 180,Naas,YO13 5DD,Completed,TW1021
IN5657,9/10/2022,C2132,3rd Floor,Newtownabbey,YO12 5DD,Completed,TN6974
IN5658,31/10/2021,C2097,Apt 279,Milton Keynes,WV6 4JX,Completed,TL0335
IN5659,1/6/2022,C1757,19th Floor,Downpatrick,NW9 6XE,Completed,TH1011
IN5660,4/9/2019,C2039,Room 1867,Plymouth,LS6 9JT,Completed,TL7568
IN5661,5/12/2022,C2037,Room 1598,Waterford,AB10 1AA,Completed,TU5503
IN5662,7/8/2019,C1903,Apt 1592,Dundalk,LS4 9JT,Completed,TY7645
IN5663,17/8/2021,C2165,13th Floor,Galway,EH18 5JW,Completed,TC8497
IN5664,20/6/2019,C2127,PO Box 48703,Nottingham,TN39 1JY,Completed,TP9645
IN5665,23/1/2024,C2210,Apt 1894,Wicklow,GU16 6QJ,Cancelled,
IN5666,14/6/2022,C2014,PO Box 82312,Galway,WV1 4JX,Completed,TW0454
IN5667,23/11/2020,C2232,2nd Floor,Exeter,EH19 5JW,Completed,TJ8944
IN5668,13/3/2019,C2008,PO Box 86955,Tralee,LS9 9JT,Completed,TM4964
IN5669,26/4/2020,C2200,Suite 27,Plymouth,AB26 3UJ,Completed,TD6929
IN5670,19/1/2024,C2192,PO Box 78966,Inverness,YO13 5DD,Completed,TZ2954
IN5671,16/6/2022,C1800,Apt 489,Tullamore,SA8 3LW,Completed,TP2203
IN5672,26/12/2019,C1922,Suite 18,York,AB25 3UJ,Completed,TC9028
IN5673,27/9/2019,C2237,Room 124,Waterford,GU20 6QJ,Completed,TQ7723
IN5674,2/1/2021,C2152,Room 1865,Portlaoise,NW12 6XE,Cancelled,
IN5675,8/11/2021,C1965,12th Floor,Exeter,SA5 3LW,Completed,TP0924
IN5676,31/1/2022,C2203,PO Box 38089,Coventry,GU17 6QJ,Completed,TU7336
IN5677,11/2/2021,C2028,PO Box 59313,Coventry,LS3 9JT,Completed,TG4150
IN5678,14/5/2019,C1762,2nd Floor,Naas,NW9 6XE,Completed,TP8474
IN5679,26/2/2024,C2117,Room 993,Liverpool,B16 8JQ,Preparing for Shipment,
IN5680,10/4/2019,C1951,Suite 99,Downpatrick,LS3 9JT,Completed,TW4748
IN5681,27/6/2022,C2148,PO Box 95436,Stoke-on-Trent,KT23 7RQ,Cancelled,
IN5682,5/2/2020,C2071,Apt 454,St. Andrews,TN34 1JY,Completed,TS9195
IN5683,25/10/2019,C1754,7th Floor,Manchester,GU20 6QJ,Completed,TP3919
IN5684,4/11/2023,C1835,Suite 76,Oxford,TN35 1JY,Completed,TL5485
IN5685,29/3/2022,C1968,Apt 182,Athlone,AB28 3UJ,Completed,TX6182
IN5686,15/10/2023,C2114,Apt 293,Dover,EH20 5JW,Completed,TC7571
IN5687,1/3/2023,C2058,Apt 1949,Holywood,EH17 5JW,Completed,TG6697
IN5688,22/2/2020,C1974,Apt 1890,Aberdeen,B15 8JQ,Completed,TS1842
IN5689,25/8/2023,C1809,Suite 100,Sheffield,SA4 3LW,Cancelled,
IN5690,16/12/2020,C1964,PO Box 95373,Arklow,LS6 9JT,Completed,TQ0908
IN5691,15/3/2022,C1986,PO Box 52187,Belfast,NW3 6XE,Completed,TI9248
IN5692,16/3/2021,C1892,Room 1401,Inverness,NW11 6XE,Completed,TB4384
IN5693,19/5/2020,C2160,Room 164,York,EH20 5JW,Completed,TJ4343
IN5694,14/11/2023,C1856,Room 1833,Limerick,SA1 3LW,Completed,TZ9799
IN5695,16/8/2023,C1896,PO Box 76079,Liverpool,AB31 3UJ,Completed,TY2911
IN5696,24/3/2020,C2180,PO Box 72154,Glasgow,SA7 3LW,Completed,TP2888
IN5697,5/7/2019,C2131,PO Box 45357,Newtownabbey,B15 8JQ,Completed,TO5569
IN5698,20/7/2021,C2069,3rd Floor,Canterbury,WV3 4JX,Cancelled,
IN5699,22/10/2021,C1769,15th Floor,Mullingar,AB10 1AA,Completed,TR6898
IN5700,8/10/2023,C1894,2nd Floor,Cambridge,LS4 9JT,Completed,TE0202
IN5701,23/1/2020,C1874,Apt 1222,Carlisle,KT17 1RQ,Completed,TQ9942
IN5702,12/11/2023,C2178,Suite 52,Leeds,NW10 6XE,Completed,TF0942
IN5703,8/10/2021,C2058,Room 1291,Reading,CV6 7AL,Completed,TL3066
IN5704,3/2/2020,C2009,Apt 46,Derby,LS7 9JT,Completed,TT3606
IN5705,3/9/2023,C2224,Suite 73,Edinburgh,PL8 6JX,Completed,TL0947
IN5706,7/1/2023,C1890,Apt 1353,Wicklow,PL5 6JX,Completed,TR3535
IN5707,4/12/2022,C1821,PO Box 10768,Wicklow,PL4 6JX,Completed,TA8913
IN5708,27/10/2023,C2158,PO Box 92243,Ennis,SA1 3LW,Completed,TH8299
IN5709,16/4/2022,C2249,PO Box 72757,Milton Keynes,KT17 1RQ,Completed,TX0306
IN5710,22/7/2020,C1846,Suite 33,York,KT27 7RQ,Cancelled,
IN5711,10/4/2020,C1785,Room 203,Bristol,B16 8JQ,Completed,TT4483
IN5712,26/12/2022,C1911,PO Box 51626,Nottingham,WV3 4JX,Completed,TV6736
IN5713,7/8/2019,C2232,Apt 490,Balbriggan,LS9 9JT,Completed,TM6576
IN5714,30/11/2021,C2143,Suite 76,Coventry,WV7 4JX,Completed,TQ3241
IN5715,13/2/2023,C1765,18th Floor,Portsmouth,EH16 5JW,Completed,TJ2892
IN5716,6/2/2020,C1849,Room 1588,Blackpool,B14 8JQ,Completed,TW2430
IN5717,31/10/2023,C1775,Suite 72,Wolverhampton,KT26 7RQ,Completed,TP6691
IN5718,4/7/2022,C2119,Room 108,Worcester,KT22 7RQ,Cancelled,
IN5719,25/6/2020,C2168,10th Floor,Coventry,LS4 9JT,Completed,TI2959
IN5720,2/12/2019,C2103,Suite 17,Hull,GU16 6QJ,Completed,TK8624
IN5721,5/12/2021,C1978,6th Floor,Canterbury,SA8 3LW,Completed,TX2990
IN5722,11/11/2020,C2023,Room 1527,Bangor,EH17 5JW,Completed,TO3894
IN5723,28/4/2023,C1778,Suite 24,Dundee,B15 8JQ,Completed,TT2220
IN5724,24/3/2023,C2032,Room 874,Sheffield,B20 8JQ,Completed,TW9523
IN5725,30/3/2021,C1931,Room 1471,Wolverhampton,SA3 3LW,Completed,TV5505
IN5726,15/1/2021,C1788,Suite 55,Holywood,B19 8JQ,Completed,TE6851
IN5727,29/3/2020,C2187,Apt 514,Lancaster,LS5 9JT,Completed,TH7750
IN5728,16/8/2019,C2093,10th Floor,Cardiff,TN41 1JY,Completed,TH4608
IN5729,17/12/2023,C2028,Suite 42,Plymouth,YO12 5DD,Completed,TP1718
IN5730,20/4/2021,C2148,Suite 2,Dungannon,GU20 6QJ,Completed,TC6452
IN5731,14/2/2021,C1963,PO Box 89582,Birmingham,YO15 5DD,Completed,TZ7147
IN5732,27/8/2022,C1907,Room 1530,Wicklow,LS8 9JT,Completed,TO0656
IN5733,24/8/2023,C1945,Suite 19,Birmingham,EH22 5JW,Completed,TG5856
IN5734,18/12/2020,C1795,2nd Floor,Newry,GU16 6QJ,Cancelled,
IN5735,5/5/2020,C1843,Apt 955,Enniskillen,EH16 5JW,Completed,TA2781
IN5736,7/5/2020,C1858,Suite 5,Inverness,B19 8JQ,Completed,TT8184
IN5737,27/5/2022,C2037,Apt 1776,Wicklow,B20 8JQ,Completed,TJ6905
IN5738,11/10/2020,C1911,Room 1983,Lancaster,YO14 5DD,Completed,TE9926
IN5739,21/12/2021,C1891,PO Box 16235,Mullingar,LS8 9JT,Completed,TK5749
IN5740,17/11/2021,C1818,Apt 65,Luton,TN38 1JY,Cancelled,
IN5741,2/6/2021,C1786,8th Floor,Inverness,PL8 6JX,Completed,TN4152
IN5742,23/1/2024,C1868,Apt 1353,Belfast,NW11 6XE,Completed,TI7402
IN5743,17/12/2020,C1885,PO Box 24427,Dundee,CV4 7AL,Completed,TU6073
IN5744,15/12/2021,C1886,PO Box 36299,Newry,AB28 3UJ,Completed,TI2655
IN5745,6/12/2022,C2078,Apt 1393,Edinburgh,WV2 4JX,Completed,TQ5197
IN5746,27/4/2021,C2042,PO Box 89549,Perth,WV1 4JX,Cancelled,
IN5747,17/7/2021,C2187,12th Floor,Bath,YO17 5DD,Completed,TH1310
IN5748,22/12/2020,C1968,Apt 928,Lancaster,AB10 1AA,Completed,TP6324
IN5749,20/12/2023,C1962,Room 1684,Bath,LS2 9JT,Completed,TS4061
IN5750,24/4/2023,C1911,PO Box 60384,Sligo,WV1 4JX,Completed,TB2219
IN5751,8/11/2021,C2060,PO Box 52559,Liverpool,TN37 1JY,Cancelled,
IN5752,24/10/2023,C1831,Suite 28,Carlow,CV8 7AL,Completed,TF3787
IN5753,13/3/2020,C1944,PO Box 30556,Coventry,WV3 4JX,Completed,TP7409
IN5754,11/1/2023,C1928,Room 114,Derry,KT26 7RQ,Completed,TI8605
IN5755,15/3/2020,C2184,Apt 137,Swords,TN37 1JY,Completed,TB4809
IN5756,17/9/2022,C1790,Room 875,Bangor,PL7 6JX,Completed,TZ6893
IN5757,4/3/2021,C1825,PO Box 45923,Swansea,AB10 1AA,Completed,TF2719
IN5758,24/1/2020,C1770,17th Floor,Navan,KT22 7RQ,Completed,TA3274
IN5759,10/2/2023,C1875,5th Floor,Ballymena,GU17 6QJ,Completed,TR9653
IN5760,30/12/2022,C1986,4th Floor,Glasgow,YO10 5DD,Cancelled,
IN5761,22/1/2024,C2017,Room 200,Bangor,CV6 7AL,Cancelled,
IN5762,20/9/2021,C1897,5th Floor,Glasgow,KT24 7RQ,Completed,TM5841
IN5763,1/12/2022,C2009,PO Box 17385,Drogheda,AB25 3UJ,Completed,TU1448
IN5764,5/4/2021,C2101,Apt 366,Bray,GU18 6QJ,Completed,TE9652
IN5765,29/1/2023,C1845,20th Floor,Glasgow,PL9 6JX,Completed,TY2001
IN5766,23/9/2022,C1847,PO Box 75631,Bangor,YO13 5DD,Completed,TI7150
IN5767,3/1/2021,C1876,8th Floor,Greystones,B17 8JQ,Completed,TQ1664
IN5768,3/12/2022,C1961,PO Box 71580,Norwich,TN34 1JY,Completed,TF2357
IN5769,29/3/2021,C1909,PO Box 70171,Greystones,KT27 7RQ,Completed,TN5574
IN5770,11/5/2023,C2194,Room 480,Dover,YO15 5DD,Completed,TH8030
IN5771,12/7/2020,C2092,Suite 14,Carlow,NW7 6XE,Completed,TH7621
IN5772,24/4/2022,C2155,Apt 913,Bristol,GU18 6QJ,Cancelled,
IN5773,14/4/2021,C1848,19th Floor,Enniskillen,EH12 5JU,Cancelled,
IN5774,8/5/2022,C2028,Suite 92,Carlow,EH20 5JW,Completed,TH7120
IN5775,6/2/2022,C2100,11th Floor,Tullamore,GU20 6QJ,Completed,TD8273
IN5776,6/9/2020,C1915,18th Floor,Antrim,B13 8JQ,Completed,TC7573
IN5777,14/1/2021,C1776,Apt 1859,Reading,PL7 6JX,Completed,TV7280
IN5778,27/2/2023,C1814,PO Box 24678,Salisbury,CV4 7AL,Completed,TY9872
IN5779,20/7/2019,C2164,Suite 34,Liverpool,AB27 3UJ,Completed,TT0981
IN5780,9/6/2022,C1976,Suite 24,Inverness,TN35 1JY,Completed,TB9847
IN5781,15/12/2021,C2074,Apt 1859,Armagh,WV7 4JX,Completed,TC1584
IN5782,30/4/2022,C1831,18th Floor,Wolverhampton,TN36 1JY,Completed,TT3412
IN5783,19/12/2022,C2232,16th Floor,Greystones,LS7 9JT,Completed,TI9591
IN5784,2/11/2023,C2230,Apt 1805,Arklow,PL8 6JX,Completed,TJ7676
IN5785,2/2/2021,C2047,PO Box 12103,Bath,B20 8JQ,Completed,TR0087
IN5786,16/4/2021,C2017,15th Floor,Ennis,WV6 4JX,Completed,TX2754
IN5787,31/5/2021,C2046,17th Floor,Newtownabbey,NW8 6XE,Completed,TS1698
IN5788,25/6/2023,C2205,Suite 66,Bray,GU21 6QJ,Completed,TD7854
IN5789,27/7/2023,C1982,Suite 19,Bangor,AB10 1AA,Completed,TM2728
IN5790,18/6/2021,C1823,7th Floor,Birmingham,PL4 6JX,Completed,TB4854
IN5791,1/10/2020,C2133,Apt 327,Greystones,LS9 9JT,Completed,TV0595
IN5792,12/8/2021,C2219,Room 295,Lancaster,GU14 6QJ,Completed,TW0859
IN5793,27/6/2020,C1944,11th Floor,Exeter,WV2 4JX,Completed,TV1930
IN5794,10/9/2022,C2180,PO Box 2181,Dover,TN41 1JY,Completed,TX7148
IN5795,21/4/2020,C2100,Room 683,Stoke-on-Trent,KT17 1RQ,Completed,TZ3746
IN5796,25/7/2020,C2010,Suite 39,Bray,CV4 7AL,Cancelled,
IN5797,5/3/2021,C1786,9th Floor,Leeds,NW3 6XE,Completed,TC8863
IN5798,22/4/2022,C1928,18th Floor,Belfast,LS9 9JT,Completed,TW8623
IN5799,22/1/2020,C2242,Apt 211,Omagh,PL4 6JX,Completed,TG6161
IN5800,8/5/2022,C2059,Room 887,Kilkenny,TN37 1JY,Completed,TV1411
IN5801,19/9/2019,C2137,Room 834,Newtownabbey,KT27 7RQ,Completed,TI3997
IN5802,31/12/2018,C2171,20th Floor,Coleraine,EH19 5JW,Completed,TD1372
IN5803,9/6/2020,C2119,Room 1061,Stoke-on-Trent,PL10 6JX,Completed,TV0079
IN5804,21/5/2021,C2097,3rd Floor,Ennis,B17 8JQ,Completed,TA4853
IN5805,9/10/2020,C1817,Apt 652,Southampton,B13 8JQ,Completed,TV6868
IN5806,14/9/2020,C1925,PO Box 62630,Bath,SA4 3LW,Completed,TX4684
IN5807,5/6/2021,C1808,1st Floor,Glasgow,GU21 6QJ,Completed,TY8846
IN5808,17/6/2023,C2205,PO Box 84445,Aberdeen,GU19 6QJ,Completed,TI7285
IN5809,31/3/2021,C1968,PO Box 4103,Navan,EH12 5JU,Completed,TZ0130
IN5810,22/11/2020,C1762,5th Floor,St. Andrews,KT23 7RQ,Cancelled,
IN5811,17/11/2019,C2032,7th Floor,Bangor,GU19 6QJ,Completed,TP7476
IN5812,23/9/2021,C2246,11th Floor,Carlisle,WV7 4JX,Completed,TW5046
IN5813,3/11/2022,C2016,Suite 34,Sheffield,GU18 6QJ,Cancelled,
IN5814,5/2/2023,C1870,Apt 795,Newcastle,PL9 6JX,Completed,TD5468
IN5815,3/8/2023,C2140,Room 1162,Waterford,YO11 5DD,Completed,TH6306
IN5816,5/8/2021,C1797,19th Floor,Peterborough,B20 8JQ,Completed,TT4458
IN5817,11/3/2021,C2165,16th Floor,Naas,LS8 9JT,Completed,TB0552
IN5818,26/9/2021,C2173,Suite 43,Naas,KT17 1RQ,Completed,TB7193
IN5819,11/7/2020,C1941,Room 1133,Sheffield,NW11 6XE,Completed,TM2513
IN5820,11/4/2019,C2017,Apt 1052,Blackpool,TN40 1JY,Completed,TH9846
IN5821,8/1/2022,C2202,Apt 1666,Exeter,AB29 3UJ,Completed,TH6055
IN5822,10/1/2022,C1934,13th Floor,Bray,AB26 3UJ,Completed,TG5316
IN5823,2/6/2021,C1920,Suite 37,Blackpool,B13 8JQ,Completed,TL5131
IN5824,6/7/2023,C2146,9th Floor,Peterborough,KT17 1RQ,Completed,TU2429
IN5825,14/3/2021,C1910,Suite 12,Limerick,PL9 6JX,Completed,TJ8895
IN5826,2/4/2019,C1984,PO Box 91232,Enniskillen,SA5 3LW,Completed,TI9192
IN5827,26/12/2021,C2076,PO Box 44285,Coventry,YO15 5DD,Completed,TV2773
IN5828,14/9/2021,C2035,PO Box 82307,Kilkenny,AB10 1AA,Completed,TC2824
IN5829,8/1/2024,C1786,Apt 433,Ennis,EH20 5JW,Completed,TS0021
IN5830,8/4/2019,C1912,3rd Floor,Balbriggan,EH19 5JW,Completed,TD3344
IN5831,14/3/2022,C2009,Apt 663,Limerick,CV6 7AL,Completed,TM5189
IN5832,23/12/2020,C2056,Apt 1682,Swords,KT17 1RQ,Completed,TW2890
IN5833,3/10/2020,C2140,15th Floor,Greystones,NW3 6XE,Completed,TQ1517
IN5834,20/4/2023,C2225,Apt 1607,Brighton,B19 8JQ,Completed,TQ6680
IN5835,17/1/2024,C1764,Apt 1956,Armagh,WV1 4JX,Completed,TA4449
IN5836,19/1/2019,C2030,Apt 1788,Stirling,EH21 5JW,Completed,TT8249
IN5837,5/10/2022,C1940,16th Floor,Naas,SA8 3LW,Completed,TK8123
IN5838,30/5/2019,C2227,7th Floor,Nottingham,SA3 3LW,Completed,TU5376
IN5839,4/4/2023,C1882,14th Floor,Naas,SA1 3LW,Completed,TE5798
IN5840,6/4/2023,C2112,Apt 1174,Cardiff,KT22 7RQ,Completed,TY1445
IN5841,17/9/2020,C2095,Apt 1445,Omagh,CV9 7AL,Completed,TB7833
IN5842,13/1/2021,C1779,Room 1388,Sheffield,TN40 1JY,Completed,TO9831
IN5843,21/4/2023,C1758,17th Floor,Reading,PL11 6JX,Completed,TA4028
IN5844,28/1/2020,C2221,Room 1523,York,LS8 9JT,Completed,TP4518
IN5845,6/11/2021,C2009,Room 1401,Manchester,LS6 9JT,Completed,TM0549
IN5846,18/5/2019,C1936,Apt 428,Inverness,KT25 7RQ,Completed,TN8285
IN5847,16/9/2020,C2051,Room 17,Carlisle,KT24 7RQ,Completed,TK5600
IN5848,25/10/2021,C1895,Room 1183,Downpatrick,CV9 7AL,Completed,TT2588
IN5849,11/12/2019,C2159,11th Floor,Athlone,CV4 7AL,Completed,TW9822
IN5850,3/9/2022,C2225,18th Floor,Tullamore,AB28 3UJ,Cancelled,
IN5851,28/5/2023,C1923,Room 1345,Belfast,B18 8JQ,Completed,TE1001
IN5852,10/9/2020,C2090,PO Box 16857,Armagh,WV3 4JX,Completed,TA3858
IN5853,28/9/2023,C1959,5th Floor,Plymouth,YO11 5DD,Completed,TU4764
IN5854,20/4/2020,C2081,Suite 5,Worcester,CV5 7AL,Completed,TS8115
IN5855,4/12/2022,C2010,Room 686,Stirling,PL9 6JX,Completed,TG9640
IN5856,8/5/2019,C2017,Suite 36,Liverpool,YO10 5DD,Completed,TE9580
IN5857,1/12/2023,C2173,Apt 1176,Dover,B16 8JQ,Completed,TI8247
IN5858,17/2/2019,C2027,7th Floor,Bray,LS5 9JT,Completed,TQ4973
IN5859,3/12/2023,C1926,Apt 40,Aberystwyth,PL5 6JX,Completed,TW0399
IN5860,22/11/2022,C1895,Apt 420,Swords,EH19 5JW,Completed,TX3446
IN5861,28/4/2023,C1975,Room 1781,Newry,KT17 1RQ,Cancelled,
IN5862,28/9/2019,C1802,PO Box 51157,Exeter,TN34 1JY,Completed,TS4756
IN5863,22/4/2020,C2210,Apt 458,Cork,GU15 6QJ,Completed,TJ9284
IN5864,3/10/2020,C1903,19th Floor,Derry,CV11 7AL,Completed,TS5976
IN5865,6/11/2020,C2089,Suite 91,Londonderry,KT28 7RQ,Completed,TB8935
IN5866,16/7/2022,C2125,Room 1408,Belfast,CV10 7AL,Completed,TI6136
IN5867,8/5/2019,C2009,12th Floor,Plymouth,LS4 9JT,Completed,TH5062
IN5868,11/5/2019,C2226,PO Box 25682,Arklow,EH19 5JW,Completed,TL3176
IN5869,3/8/2021,C2112,PO Box 1685,Canterbury,KT23 7RQ,Completed,TN9357
IN5870,9/5/2020,C2012,3rd Floor,Wexford,NW9 6XE,Completed,TO3320
IN5871,24/9/2022,C2016,Suite 95,Letterkenny,LS8 9JT,Completed,TP5239
IN5872,21/6/2020,C2097,PO Box 12964,Antrim,TN37 1JY,Completed,TA9525
IN5873,5/4/2023,C1768,17th Floor,Ballymena,KT28 7RQ,Completed,TM9953
IN5874,4/10/2021,C1841,Apt 512,Sheffield,SA4 3LW,Completed,TI3706
IN5875,5/1/2019,C2040,Apt 1215,Canterbury,AB29 3UJ,Completed,TZ4977
IN5876,8/8/2019,C2057,PO Box 13863,Milton Keynes,CV5 7AL,Completed,TK0804
IN5877,20/7/2023,C1977,7th Floor,Stoke-on-Trent,B19 8JQ,Completed,TO1455
IN5878,1/2/2022,C2209,PO Box 34580,Dover,WV5 4JX,Completed,TQ9829
IN5879,20/4/2019,C2164,5th Floor,Cambridge,TN37 1JY,Completed,TR4820
IN5880,29/9/2020,C2089,Apt 1427,Dungannon,CV10 7AL,Completed,TF7366
IN5881,23/4/2022,C1953,2nd Floor,Birmingham,EH19 5JW,Completed,TC3993
IN5882,27/4/2020,C1985,Apt 231,Bangor,YO17 5DD,Completed,TK3506
IN5883,1/11/2023,C1909,19th Floor,Coleraine,GU19 6QJ,Completed,TJ5245
IN5884,11/4/2023,C2013,Apt 1316,Wicklow,CV10 7AL,Completed,TW2503
IN5885,2/10/2021,C2133,Apt 585,Wolverhampton,KT25 7RQ,Completed,TO9317
IN5886,3/9/2020,C1798,Room 797,Exeter,LS6 9JT,Completed,TU8095
IN5887,17/1/2024,C1761,PO Box 83622,Sligo,AB31 3UJ,Completed,TN5432
IN5888,24/2/2024,C2229,Suite 88,Lancaster,WV5 4JX,Shipped,TL6632
IN5889,26/4/2022,C2066,Apt 1375,Nottingham,NW12 6XE,Cancelled,
IN5890,6/8/2020,C1964,6th Floor,Drogheda,CV7 7AL,Completed,TC8682
IN5891,1/1/2022,C2193,16th Floor,Carlow,B20 8JQ,Completed,TX9947
IN5892,4/9/2022,C1909,Apt 1426,Tralee,LS9 9JT,Completed,TJ1803
IN5893,5/6/2020,C2071,PO Box 78260,Swords,WV5 4JX,Completed,TJ3801
IN5894,7/5/2019,C1942,PO Box 9882,Mullingar,NW10 6XE,Completed,TP1667
IN5895,18/12/2020,C2106,PO Box 69438,Dover,EH18 5JW,Cancelled,
IN5896,13/2/2024,C2121,PO Box 71586,Edinburgh,EH16 5JW,Completed,TU7395
IN5897,12/12/2019,C2009,PO Box 27620,Hull,WV4 4JX,Completed,TV3451
IN5898,16/10/2022,C1980,20th Floor,Belfast,SA5 3LW,Completed,TK3868
IN5899,29/6/2023,C1975,1st Floor,Derry,TN38 1JY,Completed,TB6282
IN5900,4/3/2023,C1772,PO Box 84965,Enniskillen,SA2 3LW,Completed,TO0653
IN5901,1/3/2019,C2008,17th Floor,Bath,AB29 3UJ,Completed,TN5864
IN5902,18/2/2020,C1941,6th Floor,Blackpool,LS9 9JT,Completed,TK7307
IN5903,2/9/2019,C2004,Room 1617,Exeter,B20 8JQ,Completed,TF4306
IN5904,13/9/2023,C1922,Suite 37,Swansea,B19 8JQ,Completed,TG4405
IN5905,13/5/2022,C1974,Apt 8,Luton,AB28 3UJ,Completed,TH4107
IN5906,3/5/2020,C2118,3rd Floor,Armagh,LS9 9JT,Completed,TB7676
IN5907,14/3/2020,C2165,4th Floor,Norwich,CV7 7AL,Completed,TS7960
IN5908,27/9/2023,C1847,Suite 27,Bath,WV5 4JX,Completed,TO0579
IN5909,24/8/2023,C2246,Room 1926,Kilkenny,LS7 9JT,Cancelled,
IN5910,30/5/2020,C2038,Room 127,Coventry,NW3 6XE,Completed,TJ8519
IN5911,9/6/2019,C1802,PO Box 25694,Dundee,GU17 6QJ,Completed,TR2736
IN5912,2/7/2023,C2185,Apt 1423,York,WV6 4JX,Completed,TC1833
IN5913,10/3/2022,C2071,Apt 1365,London,NW7 6XE,Completed,TZ5145
IN5914,9/4/2019,C1960,11th Floor,Drogheda,SA8 3LW,Completed,TD0811
IN5915,22/7/2021,C2099,Apt 1579,Galway,WV3 4JX,Completed,TE5199
IN5916,20/4/2019,C1989,Room 778,Dover,AB10 1AA,Completed,TH4541
IN5917,11/10/2019,C1821,Room 1342,Dundalk,EH17 5JW,Completed,TJ8878
IN5918,19/1/2022,C2030,Apt 1091,Brighton,B16 8JQ,Completed,TR4426
IN5919,30/7/2020,C2062,Room 1080,Kilkenny,EH12 5JU,Completed,TL2174
IN5920,13/10/2019,C1933,PO Box 8543,Stoke-on-Trent,EH18 5JW,Completed,TS3300
IN5921,6/11/2020,C1975,6th Floor,Reading,YO14 5DD,Completed,TN9471
IN5922,23/11/2022,C1927,PO Box 63449,Swords,TN35 1JY,Completed,TP5673
IN5923,23/6/2019,C2246,Apt 1272,Londonderry,B16 8JQ,Completed,TL9352
IN5924,14/3/2022,C2076,5th Floor,Carlisle,CV11 7AL,Completed,TR1191
IN5925,16/10/2019,C1867,Room 320,Leeds,KT24 7RQ,Completed,TO7935
IN5926,14/12/2021,C1999,PO Box 66968,Newry,AB10 1AA,Cancelled,
IN5927,24/12/2023,C2137,Apt 78,Holywood,LS9 9JT,Completed,TN4938
IN5928,2/6/2019,C1815,Suite 5,Bristol,KT22 7RQ,Completed,TK4660
IN5929,26/4/2023,C1967,Apt 73,Omagh,AB29 3UJ,Completed,TU4756
IN5930,19/9/2020,C2013,PO Box 7234,Drogheda,GU16 6QJ,Completed,TU8035
IN5931,14/1/2020,C2183,PO Box 5993,Inverness,EH16 5JW,Completed,TL2462
IN5932,4/6/2023,C2196,Apt 1914,Bangor,AB31 3UJ,Completed,TI8598
IN5933,4/11/2022,C2238,PO Box 35639,Carlisle,B20 8JQ,Completed,TE6176
IN5934,20/10/2019,C2188,PO Box 34573,Tralee,CV10 7AL,Completed,TZ7052
IN5935,15/9/2022,C2111,PO Box 37857,York,TN35 1JY,Completed,TO4191
IN5936,6/1/2023,C2135,PO Box 28814,Dungannon,GU15 6QJ,Completed,TW5770
IN5937,18/11/2021,C1849,Suite 91,Drogheda,EH19 5JW,Completed,TW3540
IN5938,19/5/2023,C1898,Suite 82,Chester,CV4 7AL,Cancelled,
IN5939,24/2/2021,C2161,11th Floor,Sheffield,CV8 7AL,Completed,TT6934
IN5940,24/12/2020,C1803,PO Box 51017,Nottingham,CV10 7AL,Cancelled,
IN5941,18/9/2021,C1975,Apt 1110,Sligo,PL10 6JX,Completed,TY1004
IN5942,23/1/2019,C1817,Apt 688,Salisbury,AB29 3UJ,Completed,TQ2488
IN5943,3/11/2021,C2006,14th Floor,Cardiff,PL11 6JX,Completed,TG4991
IN5944,18/5/2023,C2125,Suite 55,Londonderry,LS9 9JT,Completed,TJ4593
IN5945,27/10/2020,C1795,Room 1532,Galway,LS6 9JT,Completed,TH2355
IN5946,9/1/2022,C2074,Apt 250,Holywood,YO17 5DD,Completed,TX2420
IN5947,2/8/2022,C1912,PO Box 23721,Newry,AB10 1AA,Completed,TA5256
IN5948,2/6/2020,C2231,Room 699,Stirling,EH19 5JW,Completed,TX6834
IN5949,11/2/2020,C2249,PO Box 54485,Portsmouth,CV11 7AL,Completed,TG4878
IN5950,15/1/2020,C2180,Room 473,Belfast,SA1 3LW,Completed,TI2359
IN5951,29/7/2023,C2159,Room 716,Dungannon,AB28 3UJ,Completed,TV3243
IN5952,26/11/2020,C2027,15th Floor,Peterborough,PL10 6JX,Completed,TR6731
IN5953,7/6/2022,C1902,PO Box 57040,Chester,B15 8JQ,Completed,TN0893
IN5954,15/9/2022,C2115,10th Floor,Chester,LS3 9JT,Completed,TJ1505
IN5955,25/3/2022,C1951,Room 786,Wexford,LS8 9JT,Completed,TD6975
IN5956,24/11/2020,C1949,13th Floor,Wicklow,AB25 3UJ,Completed,TH3446
IN5957,28/7/2020,C2135,Apt 455,Arklow,EH19 5JW,Completed,TV0063
IN5958,3/12/2019,C2117,Apt 1177,Wicklow,WV5 4JX,Completed,TG0342
IN5959,1/7/2022,C1781,Room 423,Limerick,KT26 7RQ,Completed,TI1296
IN5960,8/6/2020,C1981,9th Floor,Arklow,WV8 4JX,Completed,TM6111
IN5961,22/1/2021,C2168,4th Floor,Worcester,AB26 3UJ,Cancelled,
IN5962,26/2/2020,C1882,Suite 22,Swords,WV1 4JX,Completed,TG3211
IN5963,10/11/2023,C1893,Suite 23,Cardiff,WV7 4JX,Completed,TD4737
IN5964,30/7/2022,C1808,Apt 1652,Londonderry,KT25 7RQ,Completed,TA3362
IN5965,15/4/2023,C2179,Suite 9,Norwich,AB31 3UJ,Completed,TE1899
IN5966,14/4/2022,C2150,Room 1699,Portlaoise,AB30 3UJ,Completed,TF2183
IN5967,28/2/2020,C1995,Room 504,Bristol,WV4 4JX,Completed,TS2600
IN5968,21/6/2019,C1785,Apt 985,St. Andrews,GU17 6QJ,Completed,TN2076
IN5969,21/4/2021,C2176,Room 123,Kilkenny,LS7 9JT,Completed,TH5772
IN5970,10/11/2019,C1764,4th Floor,Dungannon,B18 8JQ,Completed,TQ2205
IN5971,13/9/2022,C1900,Apt 1844,Portlaoise,KT22 7RQ,Completed,TO6464
IN5972,22/12/2021,C2126,Suite 10,Coventry,B18 8JQ,Cancelled,
IN5973,18/6/2023,C1921,PO Box 47583,Stirling,LS2 9JT,Completed,TD6410
IN5974,24/8/2021,C2248,Suite 52,Southampton,NW6 6XE,Completed,TV9211
IN5975,11/12/2021,C1847,Suite 100,Cambridge,WV2 4JX,Completed,TM4305
IN5976,10/8/2022,C1876,Room 1446,Luton,SA7 3LW,Completed,TC4200
IN5977,2/7/2021,C2007,Room 30,Stoke-on-Trent,B15 8JQ,Completed,TK3131
IN5978,16/10/2019,C2219,3rd Floor,Carlisle,LS7 9JT,Completed,TH9627
IN5979,14/3/2020,C1846,16th Floor,Norwich,NW7 6XE,Completed,TG9312
IN5980,5/12/2022,C1804,Room 1589,Portlaoise,WV5 4JX,Cancelled,
IN5981,5/9/2022,C2116,2nd Floor,Holywood,KT25 7RQ,Completed,TW8342
IN5982,4/7/2021,C2217,9th Floor,Aberdeen,PL11 6JX,Completed,TD9109
IN5983,24/8/2020,C1938,Room 1106,Arklow,SA4 3LW,Completed,TL4809
IN5984,17/12/2020,C2102,9th Floor,Carlow,YO10 5DD,Cancelled,
IN5985,17/3/2022,C2151,Apt 1937,Dover,WV1 4JX,Cancelled,
IN5986,2/1/2023,C1802,Apt 1802,Swansea,GU14 6QJ,Completed,TD0824
IN5987,19/6/2019,C1950,Room 1569,Norwich,EH20 5JW,Completed,TV1865
IN5988,18/10/2019,C2026,Apt 932,Armagh,AB25 3UJ,Completed,TG9547
IN5989,12/12/2021,C1951,Apt 1714,Leeds,PL11 6JX,Completed,TZ3695
IN5990,6/11/2020,C2038,Room 389,Carlisle,SA2 3LW,Completed,TK6425
IN5991,14/2/2019,C2078,PO Box 65447,Greystones,B16 8JQ,Completed,TJ1880
IN5992,28/8/2019,C2162,PO Box 9115,Belfast,YO10 5DD,Completed,TU2095
IN5993,13/5/2022,C1972,Suite 71,Cork,WV3 4JX,Completed,TS0149
IN5994,20/9/2022,C2117,Suite 17,Naas,EH18 5JW,Completed,TQ4094
IN5995,15/2/2021,C1981,Suite 87,Bath,B15 8JQ,Completed,TZ7211
IN5996,17/8/2019,C2024,Room 1696,Aberdeen,LS5 9JT,Completed,TL2748
IN5997,11/5/2021,C1999,Room 1299,Dundalk,CV11 7AL,Completed,TM1755
IN5998,12/9/2023,C2163,Apt 1038,Arklow,AB10 1AA,Completed,TS0251
IN5999,26/12/2021,C2193,1st Floor,Navan,NW3 6XE,Completed,TW9059
IN6000,10/5/2020,C1755,Room 1796,Wexford,YO17 5DD,Completed,TM3321
IN6001,1/9/2020,C1980,Room 1508,Birmingham,GU16 6QJ,Completed,TZ8664
IN6002,26/7/2021,C1873,Room 1120,Bangor,B13 8JQ,Completed,TE6227
IN6003,23/8/2019,C1860,Room 1388,Norwich,TN36 1JY,Completed,TF5935
IN6004,22/7/2019,C2026,PO Box 6659,Belfast,KT28 7RQ,Completed,TD7569
IN6005,1/1/2022,C1818,5th Floor,Tralee,PL7 6JX,Completed,TW9853
IN6006,20/6/2020,C2063,20th Floor,Balbriggan,B14 8JQ,Completed,TN2919
IN6007,30/7/2020,C1977,Suite 42,Bristol,WV8 4JX,Completed,TC3848
IN6008,31/12/2022,C1989,PO Box 3609,Perth,NW3 6XE,Completed,TI6655
IN6009,2/11/2021,C2162,Suite 100,Limavady,NW8 6XE,Completed,TA6300
IN6010,22/11/2023,C1827,14th Floor,York,WV4 4JX,Completed,TS0423
IN6011,7/12/2021,C2004,Room 1593,Wolverhampton,NW9 6XE,Completed,TR8201
IN6012,14/9/2021,C1841,18th Floor,Liverpool,NW7 6XE,Completed,TR6489
IN6013,18/1/2024,C1960,Room 1271,Luton,EH20 5JW,Completed,TO6172
IN6014,15/7/2022,C1907,PO Box 26394,Coleraine,CV6 7AL,Completed,TO7429
IN6015,24/3/2022,C2138,19th Floor,Leeds,KT26 7RQ,Completed,TX3398
IN6016,12/3/2019,C2125,Suite 71,Balbriggan,CV7 7AL,Completed,TM7704
IN6017,12/11/2022,C1756,Room 1142,Tullamore,PL10 6JX,Completed,TG3672
IN6018,5/5/2021,C2080,12th Floor,Inverness,GU17 6QJ,Completed,TM9493
IN6019,22/9/2019,C1935,17th Floor,Dundee,LS2 9JT,Completed,TK0172
IN6020,9/11/2020,C1816,Apt 1750,Norwich,AB28 3UJ,Completed,TY6834
IN6021,7/12/2023,C1897,PO Box 25840,Dundee,AB28 3UJ,Completed,TX2331
IN6022,14/5/2019,C2127,PO Box 32682,Cardiff,SA7 3LW,Completed,TC5070
IN6023,30/11/2023,C1956,Suite 66,Birmingham,SA8 3LW,Completed,TK8393
IN6024,2/11/2023,C2061,PO Box 57376,Blackpool,EH12 5JU,Completed,TX5219
IN6025,25/1/2023,C1928,Apt 1495,Wexford,SA8 3LW,Cancelled,
IN6026,4/8/2022,C2072,Apt 1139,Norwich,NW9 6XE,Completed,TN3476
IN6027,27/8/2019,C1919,Suite 8,Sheffield,NW6 6XE,Completed,TR8921
IN6028,12/4/2023,C1990,20th Floor,Newcastle,SA6 3LW,Completed,TU9104
IN6029,9/8/2021,C2241,PO Box 55318,Inverness,CV11 7AL,Completed,TR7430
IN6030,18/4/2020,C1929,Apt 1920,Reading,SA4 3LW,Completed,TV7202
IN6031,26/11/2021,C1978,10th Floor,Portlaoise,B19 8JQ,Completed,TD9212
IN6032,23/10/2022,C1901,9th Floor,Wicklow,CV4 7AL,Completed,TF6007
IN6033,31/12/2022,C2236,Suite 44,Wicklow,B20 8JQ,Completed,TW0489
IN6034,12/5/2019,C2144,20th Floor,Portsmouth,LS4 9JT,Completed,TH8728
IN6035,14/1/2022,C1833,3rd Floor,Limavady,KT22 7RQ,Completed,TA8533
IN6036,8/3/2021,C1811,18th Floor,Galway,GU18 6QJ,Completed,TY4116
IN6037,22/11/2023,C2190,Suite 38,Stirling,WV4 4JX,Completed,TS3085
IN6038,1/2/2021,C1917,PO Box 26718,Ennis,LS6 9JT,Completed,TO4155
IN6039,26/2/2020,C1936,Room 351,Mullingar,EH16 5JW,Completed,TZ1867
IN6040,24/12/2023,C1993,Apt 1602,Leeds,TN34 1JY,Completed,TJ4568
IN6041,21/4/2023,C2233,Room 1646,Stirling,TN35 1JY,Completed,TP8385
IN6042,16/10/2021,C2205,Suite 87,Derry,EH19 5JW,Completed,TQ0445
IN6043,11/7/2023,C1937,Suite 5,St. Andrews,PL8 6JX,Completed,TL4530
IN6044,2/10/2019,C1958,Apt 50,Brighton,YO17 5DD,Completed,TY0326
IN6045,17/7/2023,C2058,Room 784,Canterbury,NW6 6XE,Completed,TU4390
IN6046,5/9/2022,C1776,Apt 1602,Blackpool,YO12 5DD,Completed,TM0510
IN6047,23/1/2021,C2177,PO Box 65898,Swansea,PL8 6JX,Completed,TA2975
IN6048,16/7/2022,C1899,PO Box 26466,Dundalk,B14 8JQ,Completed,TO9165
IN6049,2/2/2022,C1759,PO Box 31869,Coleraine,KT25 7RQ,Completed,TB3817
IN6050,14/6/2020,C2063,PO Box 7885,Bangor,WV1 4JX,Completed,TY3601
IN6051,4/1/2022,C2229,Apt 1328,Canterbury,SA4 3LW,Completed,TR3046
IN6052,26/11/2022,C1999,PO Box 8570,Newcastle,TN36 1JY,Cancelled,
IN6053,5/11/2022,C2143,16th Floor,Dundalk,AB31 3UJ,Completed,TO7824
IN6054,21/8/2022,C2101,Apt 185,Dumfries,YO12 5DD,Completed,TM2954
IN6055,23/3/2023,C1913,13th Floor,Ennis,B16 8JQ,Completed,TO7423
IN6056,3/2/2019,C1809,Apt 1512,Kilkenny,YO16 5DD,Completed,TI9360
IN6057,15/3/2023,C1812,Apt 1241,Carlisle,PL9 6JX,Completed,TF2416
IN6058,17/11/2021,C1826,Apt 1873,Newcastle,KT28 7RQ,Cancelled,
IN6059,23/4/2022,C2073,Apt 1304,Galway,B13 8JQ,Completed,TS6120
IN6060,1/12/2020,C1783,PO Box 64223,Salisbury,B13 8JQ,Completed,TJ0283
IN6061,13/12/2021,C1949,Suite 57,Balbriggan,CV9 7AL,Completed,TH9891
IN6062,4/9/2021,C2139,15th Floor,Southampton,YO13 5DD,Completed,TW7570
IN6063,26/12/2019,C1918,Room 1426,Balbriggan,WV8 4JX,Completed,TP1198
IN6064,13/6/2020,C2232,Apt 827,Liverpool,YO13 5DD,Completed,TB7826
IN6065,18/10/2019,C1939,PO Box 18541,Cambridge,TN39 1JY,Completed,TQ1976
IN6066,5/7/2021,C2225,15th Floor,Belfast,B15 8JQ,Cancelled,
IN6067,3/8/2021,C1782,19th Floor,Ballymena,EH22 5JW,Cancelled,
IN6068,16/3/2020,C1941,17th Floor,Plymouth,WV6 4JX,Completed,TC2686
IN6069,23/5/2020,C2104,Apt 549,Stirling,B20 8JQ,Cancelled,
IN6070,15/6/2019,C1777,PO Box 49088,Hull,KT25 7RQ,Completed,TM1799
IN6071,19/2/2024,C2023,Room 464,Drogheda,TN41 1JY,Completed,TR3826
IN6072,14/3/2020,C2046,Suite 82,Balbriggan,TN41 1JY,Completed,TG6506
IN6073,2/6/2019,C2096,Room 558,Ennis,GU19 6QJ,Completed,TY0061
IN6074,1/8/2023,C1763,18th Floor,Inverness,WV8 4JX,Completed,TG2241
IN6075,13/3/2020,C2158,Suite 92,Cardiff,TN34 1JY,Completed,TN7541
IN6076,24/1/2021,C1990,19th Floor,Ballymena,B19 8JQ,Completed,TL6533
IN6077,12/3/2023,C1839,Room 1486,Nottingham,GU21 6QJ,Completed,TY6197
IN6078,18/7/2022,C1915,15th Floor,Portsmouth,AB25 3UJ,Completed,TG4249
IN6079,8/1/2021,C1986,Apt 563,Waterford,NW6 6XE,Completed,TP5507
IN6080,31/3/2023,C2174,PO Box 35017,Edinburgh,AB31 3UJ,Completed,TP8801
IN6081,18/12/2023,C2059,Room 1690,Drogheda,TN38 1JY,Completed,TI9838
IN6082,14/10/2023,C1849,Suite 93,Bath,EH17 5JW,Completed,TZ7505
IN6083,26/4/2020,C1853,Suite 95,Plymouth,CV7 7AL,Completed,TU2775
IN6084,8/2/2021,C2141,Suite 22,Reading,CV9 7AL,Completed,TL2471
IN6085,24/11/2023,C2165,PO Box 94426,Newcastle,PL7 6JX,Completed,TN1585
IN6086,3/7/2023,C2000,Suite 68,Portlaoise,CV4 7AL,Completed,TQ5586
IN6087,3/12/2019,C1764,Room 1981,Reading,AB31 3UJ,Completed,TD3460
IN6088,7/7/2023,C2195,PO Box 61758,Drogheda,PL10 6JX,Completed,TQ9134