PaymentID,InvoiceNumber,PaymentDate,PaymentMethod,AddressLine,Town,Postcode,PaymentStatus
PY3342,IN5589,9/2/2019,Google Pay,Room 1022,Hereford,KA1 1AA,Payment Successful
PY3343,IN5590,29/10/2020,Debit Card,PO Box 70604,Newcastle,YO1 1AA,Payment Successful
PY3344,IN5591,18/9/2020,Apple Pay,PO Box 14617,Aberdeen,WC2A 1AA,Payment Successful
PY3345,IN5592,18/7/2021,PayPal,Apt 538,Leeds,FY2 1AA,Payment Successful
PY3346,IN5593,8/10/2023,Credit Card,Suite 18,Belfast,ML2 1AA,Payment Successful
PY3347,IN5594,3/1/2021,Credit Card,Room 722,Bangor,ZE2 0AA,Payment Successful
PY3348,IN5595,31/10/2019,Credit Card,Room 1239,Truro,PA1 1AA,Payment Successful
PY3349,IN5596,24/10/2020,PayPal,11th Floor,Warrington,SA1 1AA,Payment Successful
PY3350,IN5597,23/6/2022,Google Pay,PO Box 68038,Dover,CF10 1AA,Payment Successful
PY3351,IN5598,26/7/2021,Bank Transfer,PO Box 35741,Slough,HG1 1AA,Payment Successful
PY3352,IN5599,12/3/2022,Bank Transfer,Apt 657,Westminster,SE1 1AA,Payment Successful
PY3353,IN5600,29/8/2020,Apple Pay,3rd Floor,Ipswich,DH2 1AA,Payment Successful
PY3354,IN5601,11/7/2020,Credit Card,Room 1386,Sunderland,KW2 1AA,Payment Successful
PY3355,IN5602,8/4/2020,Credit Card,Apt 1865,Cheltenham,HA2 1AA,Payment Successful
PY3356,IN5603,20/4/2020,Credit Card,Room 340,Westminster,SA2 1AA,Payment Successful
PY3357,IN5604,18/6/2023,Google Pay,Room 201,Newcastle,NN1 1AA,Payment Successful
PY3358,IN5605,2/3/2019,Credit Card,Suite 48,Manchester,ME2 1AA,Payment Successful
PY3359,IN5606,3/3/2021,Credit Card,Apt 1149,Exeter,KW2 1AA,Payment Successful
PY3360,IN5607,11/4/2022,Bank Transfer,PO Box 31833,Rochester,YO1 1AA,Payment Successful
PY3361,IN5608,27/6/2020,Google Pay,Suite 42,Derry,KA1 1AA,Payment Successful
PY3362,IN5609,20/6/2019,Apple Pay,Room 455,Oxford,ZE2 0AA,Payment Successful
PY3363,IN5610,20/7/2020,Apple Pay,Room 61,Exeter,M2 1AA,Payment Successful
PY3364,IN5611,25/4/2022,Debit Card,PO Box 28934,Derby,PA1 1AA,Payment Successful
PY3365,IN5612,1/12/2022,PayPal,Apt 447,Truro,GL2 1AA,Payment Successful
PY3366,IN5613,13/1/2022,Apple Pay,Room 538,Lincoln,KW1 1AA,Payment Successful
PY3367,IN5614,15/11/2022,Credit Card,Apt 426,Slough,EH13 5JU,Payment Successful
PY3368,IN5615,19/1/2022,Debit Card,Apt 1401,Milton Keynes,ME2 1AA,Payment Successful
PY3369,IN5616,5/10/2019,PayPal,Suite 23,Salisbury,EC1A 1AA,Payment Successful
PY3370,IN5617,23/2/2020,Bank Transfer,PO Box 13424,Newcastle,CM1 1AA,Payment Successful
PY3371,IN5618,11/9/2023,Apple Pay,PO Box 72518,St Albans,HG1 1AA,Payment Successful
PY3372,IN5619,24/12/2019,Bank Transfer,Room 1374,Glasgow,N2 1AA,Payment Successful
PY3373,IN5620,9/7/2023,Debit Card,8th Floor,Wakefield,HG2 1AA,Payment Successful
PY3374,IN5621,21/5/2019,Bank Transfer,PO Box 84332,Norwich,WC2A 1AA,Payment Successful
PY3375,IN5622,11/5/2020,Apple Pay,Room 322,Elgin,YO1 1AA,Payment Successful
PY3376,IN5623,25/5/2021,Bank Transfer,Apt 703,Milton Keynes,AB10 1AA,Payment Declined
PY3377,IN5624,11/9/2022,Credit Card,PO Box 60911,Nottingham,SA2 1AA,Payment Successful
PY3378,IN5625,15/9/2023,Google Pay,Apt 1275,Dover,ZE1 0AA,Payment Successful
PY3379,IN5626,30/7/2020,Credit Card,Room 340,Elgin,CM1 1AA,Payment Successful
PY3380,IN5627,28/10/2020,PayPal,Room 607,Aberdeen,WC2A 1AA,Payment Successful
PY3381,IN5628,25/4/2023,Google Pay,Apt 871,Belfast,UB2 1AA,Payment Successful
PY3382,IN5629,10/12/2019,Apple Pay,Apt 838,Worcester,DH2 1AA,Payment Declined
PY3383,IN5630,8/8/2020,PayPal,6th Floor,Wells,WC1A 1AA,Payment Successful
PY3384,IN5631,30/8/2020,Bank Transfer,Room 1663,Westminster,S2 1AA,Payment Successful
PY3385,IN5632,20/7/2019,Bank Transfer,11th Floor,Hereford,BD1 1AA,Payment Successful
PY3386,IN5633,28/5/2020,Debit Card,4th Floor,Reading,DH2 1AA,Payment Successful
PY3387,IN5634,13/5/2023,PayPal,Apt 1593,Edinburgh,RH1 1AA,Payment Successful
PY3388,IN5635,16/5/2022,Debit Card,8th Floor,Oxford,G2 1AA,Payment Successful
PY3389,IN5636,8/1/2020,Debit Card,Suite 21,Chichester,PL2 1AA,Payment Successful
PY3390,IN5637,27/4/2019,Google Pay,PO Box 78976,Rochester,DH1 1AA,Payment Successful
PY3391,IN5638,29/3/2020,Debit Card,Room 1241,Cardiff,PE2 1AA,Payment Declined
PY3392,IN5639,25/4/2019,PayPal,Suite 35,Glasgow,NE1 1AA,Payment Successful
PY3393,IN5640,23/12/2020,Bank Transfer,Room 166,Swansea,GL1 1AA,Payment Successful
PY3394,IN5641,16/1/2022,Apple Pay,PO Box 26087,Nottingham,NN2 1AA,Payment Declined
PY3395,IN5642,8/1/2022,Debit Card,Suite 95,Sunderland,WC1A 1AA,Payment Successful
PY3396,IN5643,9/7/2023,Debit Card,Room 1168,Glasgow,CF10 1AA,Payment Successful
PY3397,IN5644,19/10/2020,Apple Pay,Apt 1635,Sheffield,PA1 1AA,Payment Successful
PY3398,IN5645,14/6/2022,Google Pay,10th Floor,Slough,KW1 1AA,Payment Successful
PY3399,IN5646,22/7/2023,PayPal,Room 1345,Newcastle,RG2 1AA,Payment Successful
PY3400,IN5647,8/8/2023,Credit Card,Suite 57,Chichester,B2 1AA,Payment Successful
PY3401,IN5648,13/5/2019,Apple Pay,Suite 96,Cheltenham,JE1 1AA,Payment Successful
PY3402,IN5649,15/11/2020,Bank Transfer,Suite 24,Perth,FY2 1AA,Payment Successful
PY3403,IN5650,28/9/2022,Bank Transfer,PO Box 94599,Newcastle,FY2 1AA,Payment Successful
PY3404,IN5651,10/6/2021,Bank Transfer,Room 872,Luton,EC1A 1AA,Payment Successful
PY3405,IN5652,12/8/2021,PayPal,Apt 874,Cardiff,BD2 1AA,Payment Declined
PY3406,IN5653,7/11/2019,Debit Card,Room 821,Oxford,HG2 1AA,Payment Successful
PY3407,IN5654,10/12/2022,Debit Card,5th Floor,Winchester,N2 1AA,Payment Declined
PY3408,IN5655,12/8/2020,Apple Pay,Apt 712,Derby,NN2 1AA,Payment Successful
PY3409,IN5656,6/8/2022,Credit Card,Suite 54,Reading,HG1 1AA,Payment Declined
PY3410,IN5657,12/8/2023,Debit Card,Suite 63,Salford,HG2 1AA,Payment Successful
PY3411,IN5658,14/4/2023,Apple Pay,Suite 52,Brighton,HG1 1AA,Payment Successful
PY3412,IN5659,14/3/2023,PayPal,PO Box 7766,Stoke-on-Trent,KT18 1BB,Payment Successful
PY3413,IN5660,12/9/2021,PayPal,16th Floor,Cambridge,UB1 1AA,Payment Successful
PY3414,IN5661,10/3/2020,Bank Transfer,PO Box 82387,Perth,NN2 1AA,Payment Successful
PY3415,IN5662,23/10/2022,Debit Card,Room 155,Leeds,YO1 1AA,Payment Successful
PY3416,IN5663,28/9/2022,PayPal,PO Box 9021,Edinburgh,KT17 1BB,Payment Successful
PY3417,IN5664,15/4/2022,Bank Transfer,Apt 1483,Aberdeen,LE1 1AA,Payment Successful
PY3418,IN5665,10/4/2022,Apple Pay,Apt 201,Portsmouth,OL2 1AA,Payment Successful
PY3419,IN5666,14/9/2021,Google Pay,PO Box 17225,Newry,L2 1AA,Payment Successful
PY3420,IN5667,14/6/2023,Debit Card,Suite 46,York,LE1 1AA,Payment Successful
PY3421,IN5668,14/4/2019,Debit Card,5th Floor,Lancaster,LE2 1AA,Payment Declined
PY3422,IN5669,10/5/2023,Debit Card,5th Floor,Luton,UB1 1AA,Payment Successful
PY3423,IN5670,15/2/2020,Google Pay,Room 1383,Lancaster,SE1 1AA,Payment Successful
PY3424,IN5671,15/6/2022,Apple Pay,Room 533,Newry,ML1 1AA,Payment Declined
PY3425,IN5672,20/1/2022,Debit Card,11th Floor,London,RH2 1AA,Payment Declined
PY3426,IN5673,4/1/2022,Debit Card,Room 1475,Rochester,NE2 1AA,Payment Successful
PY3427,IN5674,2/6/2020,Apple Pay,Room 609,Durham,SE2 1AA,Payment Successful
PY3428,IN5675,26/6/2019,Bank Transfer,Room 945,Cambridge,NN2 1AA,Payment Successful
PY3429,IN5676,25/7/2020,Apple Pay,Room 1844,Leeds,WC1A 1AA,Payment Successful
PY3430,IN5677,21/5/2021,Google Pay,Suite 57,Inverness,TN2 1AA,Payment Successful
PY3431,IN5678,23/2/2023,Debit Card,Suite 65,Milton Keynes,B1 1AA,Payment Successful
PY3432,IN5679,9/9/2020,Credit Card,20th Floor,Lincoln,TN1 1AA,Payment Successful
PY3433,IN5680,1/9/2023,Debit Card,Suite 76,Woking,L2 1AA,Payment Successful
PY3434,IN5681,6/3/2020,PayPal,PO Box 74956,Swansea,WC1A 1AA,Payment Successful
PY3435,IN5682,7/8/2021,PayPal,Room 1521,Belfast,W2A 1AA,Payment Successful
PY3436,IN5683,29/7/2019,Apple Pay,Room 1828,Newry,SE2 1AA,Payment Successful
PY3437,IN5684,1/6/2022,PayPal,Room 624,Doncaster,S1 1AA,Payment Successful
PY3438,IN5685,4/10/2022,Apple Pay,Room 1237,Stoke-on-Trent,NN2 1AA,Payment Successful
PY3439,IN5686,17/10/2021,Google Pay,Room 150,Durham,S1 1AA,Payment Successful
PY3440,IN5687,12/3/2020,Credit Card,7th Floor,Exeter,DH2 1AA,Payment Successful
PY3441,IN5688,29/5/2019,Apple Pay,Apt 725,Bradford,NN2 1AA,Payment Successful
PY3442,IN5689,26/7/2023,Google Pay,6th Floor,Blackpool,EH13 5JU,Payment Successful
PY3443,IN5690,25/4/2019,PayPal,PO Box 49056,Bradford,ZE2 0AA,Payment Declined
PY3444,IN5691,1/4/2019,Apple Pay,Room 381,Wells,OX1 1AA,Payment Successful
PY3445,IN5692,11/3/2019,Debit Card,PO Box 46481,Stoke-on-Trent,PE1 1AA,Payment Successful
PY3446,IN5693,10/2/2020,Debit Card,Apt 613,Milton Keynes,WV2 1AA,Payment Successful
PY3447,IN5694,30/8/2022,Debit Card,Room 1774,Liverpool,S1 1AA,Payment Successful
PY3448,IN5695,12/2/2022,Google Pay,Room 224,Plymouth,ME1 1AA,Payment Successful
PY3449,IN5696,20/7/2020,PayPal,PO Box 14136,Newcastle,OL1 1AA,Payment Successful
PY3450,IN5697,12/6/2023,Bank Transfer,Room 274,Hereford,SA1 1AA,Payment Successful
PY3451,IN5698,27/5/2021,Bank Transfer,Apt 175,Cardiff,L1 1AA,Payment Successful
PY3452,IN5699,7/4/2019,PayPal,Suite 72,Leicester,HG2 1AA,Payment Declined
PY3453,IN5700,30/11/2019,PayPal,Room 1577,Brighton,UB2 1AA,Payment Declined
PY3454,IN5701,29/3/2022,PayPal,Suite 35,Cardiff,BD1 1AA,Payment Successful
PY3455,IN5702,22/2/2021,Debit Card,Apt 1779,Worcester,CM1 1AA,Payment Successful
PY3456,IN5703,2/6/2022,Debit Card,12th Floor,Birmingham,TW1 1AA,Payment Successful
PY3457,IN5704,17/7/2022,Bank Transfer,20th Floor,Cambridge,YO2 1AA,Payment Successful
PY3458,IN5705,6/2/2023,Debit Card,13th Floor,Lancaster,HA2 1AA,Payment Successful
PY3459,IN5706,5/9/2021,PayPal,Apt 800,Stirling,S2 1AA,Payment Successful
PY3460,IN5707,13/2/2023,Debit Card,Room 696,Cambridge,CM1 1AA,Payment Successful
PY3461,IN5708,14/3/2022,Apple Pay,PO Box 64923,Glasgow,GL2 1AA,Payment Successful
PY3462,IN5709,8/4/2020,Credit Card,Apt 1270,Winchester,OL2 1AA,Payment Successful
PY3463,IN5710,14/6/2020,Bank Transfer,Apt 1484,Sheffield,G1 1AA,Payment Successful
PY3464,IN5711,5/8/2022,Credit Card,Room 1823,Peterborough,SE1 1AA,Payment Successful
PY3465,IN5712,10/9/2020,Debit Card,Apt 1843,Stirling,LE1 1AA,Payment Successful
PY3466,IN5713,16/7/2020,Credit Card,2nd Floor,Leicester,TQ1 1AA,Payment Successful
PY3467,IN5714,27/6/2020,Bank Transfer,9th Floor,Worcester,TN2 1AA,Payment Successful
PY3468,IN5715,5/4/2019,Debit Card,Suite 36,St Asaph,ML1 1AA,Payment Successful
PY3469,IN5716,9/3/2022,Credit Card,Suite 65,Blackpool,KA1 1AA,Payment Successful
PY3470,IN5717,25/10/2021,Credit Card,19th Floor,Wells,DH2 1AA,Payment Successful
PY3471,IN5718,13/10/2020,PayPal,Apt 997,Winchester,GL2 1AA,Payment Successful
PY3472,IN5719,18/8/2021,Credit Card,15th Floor,Slough,FY1 1AA,Payment Successful
PY3473,IN5720,28/9/2022,PayPal,Room 1932,Liverpool,LE1 1AA,Payment Successful
PY3474,IN5721,11/8/2020,Apple Pay,Apt 422,Elgin,IV2 1AA,Payment Successful
PY3475,IN5722,16/9/2022,Debit Card,Room 419,Bangor,SA2 1AA,Payment Successful
PY3476,IN5723,29/4/2019,Credit Card,PO Box 60073,Dover,TN1 1AA,Payment Successful
PY3477,IN5724,17/3/2021,Bank Transfer,Apt 1974,Worcester,E1 1AA,Payment Declined
PY3478,IN5725,4/7/2023,PayPal,Suite 97,Salford,LE2 1AA,Payment Successful
PY3479,IN5726,24/10/2023,Credit Card,Suite 25,Cheltenham,OX2 1AA,Payment Successful
PY3480,IN5727,31/10/2020,Apple Pay,Room 1072,Durham,RH1 1AA,Payment Successful
PY3481,IN5728,27/4/2019,Bank Transfer,Room 1458,Newry,ML2 1AA,Payment Successful
PY3482,IN5729,25/7/2019,Bank Transfer,Apt 749,Swindon,BB2 1AA,Payment Successful
PY3483,IN5730,9/5/2022,PayPal,6th Floor,Coventry,RH2 1AA,Payment Successful
PY3484,IN5731,19/8/2023,Bank Transfer,10th Floor,Bath,PA2 1AA,Payment Successful
PY3485,IN5732,3/4/2021,Debit Card,Apt 624,Bath,IV1 1AA,Payment Successful
PY3486,IN5733,29/3/2019,PayPal,Room 1300,Worcester,PL1 1AA,Payment Successful
PY3487,IN5734,25/9/2020,Google Pay,Suite 21,Inverness,NE2 1AA,Payment Successful
PY3488,IN5735,17/3/2021,Apple Pay,Room 816,Bangor,RG2 1AA,Payment Successful
PY3489,IN5736,22/4/2021,Credit Card,14th Floor,Sunderland,RM1 1AA,Payment Successful
PY3490,IN5737,17/7/2019,Bank Transfer,Apt 959,Inverness,M1 1AA,Payment Successful
PY3491,IN5738,17/3/2019,Debit Card,PO Box 48697,Glasgow,KT18 1BB,Payment Successful
PY3492,IN5739,12/9/2022,Credit Card,Room 1250,Cheltenham,FY1 1AA,Payment Successful
PY3493,IN5740,23/12/2020,Bank Transfer,Apt 469,Wells,SE2 1AA,Payment Successful
PY3494,IN5741,11/5/2023,Bank Transfer,6th Floor,Salisbury,PA1 1AA,Payment Successful
PY3495,IN5742,5/2/2019,PayPal,11th Floor,Southampton,OL2 1AA,Payment Successful
PY3496,IN5743,19/10/2022,Debit Card,7th Floor,Coventry,NE1 1AA,Payment Successful
PY3497,IN5744,8/9/2019,Credit Card,PO Box 69013,Canterbury,N1 1AA,Payment Successful
PY3498,IN5745,28/1/2020,Debit Card,Room 1022,Chester,YO1 1AA,Payment Successful
PY3499,IN5746,10/5/2023,Debit Card,Room 589,Lincoln,LE1 1AA,Payment Successful
PY3500,IN5747,8/6/2022,Debit Card,PO Box 16644,Inverness,NE1 1AA,Payment Successful
PY3501,IN5748,8/5/2021,Google Pay,Room 637,Bath,NE2 1AA,Payment Successful
PY3502,IN5749,6/1/2023,PayPal,Suite 93,Bournemouth,IV1 1AA,Payment Successful
PY3503,IN5750,23/6/2023,Google Pay,Room 1318,Worcester,GL1 1AA,Payment Successful
PY3504,IN5751,24/10/2020,Google Pay,PO Box 31648,Cardiff,M1 1AA,Payment Successful
PY3505,IN5752,22/1/2020,Debit Card,PO Box 68869,Lincoln,W2A 1AA,Payment Successful
PY3506,IN5753,3/8/2019,Debit Card,Suite 17,Doncaster,OX1 1AA,Payment Successful
PY3507,IN5754,18/4/2020,Credit Card,Room 249,Hull,RG1 1AA,Payment Successful
PY3508,IN5755,10/3/2020,Credit Card,20th Floor,Reading,TN1 1AA,Payment Successful
PY3509,IN5756,21/10/2021,Debit Card,Apt 325,Doncaster,WC1A 1AA,Payment Successful
PY3510,IN5757,24/6/2021,Bank Transfer,Apt 239,Worcester,BB2 1AA,Payment Successful
PY3511,IN5758,13/9/2021,PayPal,PO Box 50360,Dundee,WC1A 1AA,Payment Declined
PY3512,IN5759,24/1/2019,Apple Pay,Suite 8,Blackpool,B1 1AA,Payment Successful
PY3513,IN5760,6/12/2021,Debit Card,PO Box 11508,Bristol,EC1A 1AA,Payment Successful
PY3514,IN5761,13/11/2023,Google Pay,Apt 1871,Canterbury,PL2 1AA,Payment Successful
PY3515,IN5762,30/4/2023,Google Pay,Apt 931,Salisbury,WC2A 1AA,Payment Successful
PY3516,IN5763,20/2/2023,Credit Card,Suite 5,Oxford,CF10 1AA,Payment Successful
PY3517,IN5764,16/4/2020,Google Pay,PO Box 35433,Luton,GL1 1AA,Payment Successful
PY3518,IN5765,25/10/2022,PayPal,Room 228,Lincoln,KW2 1AA,Payment Successful
PY3519,IN5766,20/5/2021,PayPal,PO Box 45640,Salford,HA1 1AA,Payment Successful
PY3520,IN5767,8/5/2020,Bank Transfer,PO Box 8677,Belfast,HG1 1AA,Payment Successful
PY3521,IN5768,27/11/2022,Apple Pay,Suite 18,Dover,SA2 1AA,Payment Successful
PY3522,IN5769,25/5/2023,Apple Pay,Suite 45,Norwich,HG1 1AA,Payment Successful
PY3523,IN5770,17/12/2022,Apple Pay,14th Floor,Ely,LL1 1AA,Payment Successful
PY3524,IN5771,14/12/2019,PayPal,Room 1531,Hull,ZE2 0AA,Payment Successful
PY3525,IN5772,19/4/2020,Bank Transfer,Suite 62,Lincoln,E1 1AA,Payment Successful
PY3526,IN5773,28/1/2019,Apple Pay,Room 660,Sunderland,CM1 1AA,Payment Successful
PY3527,IN5774,19/3/2019,Apple Pay,Suite 37,Bradford,YO2 1AA,Payment Successful
PY3528,IN5775,10/7/2021,Google Pay,Room 1071,Doncaster,BB1 1AA,Payment Successful
PY3529,IN5776,30/10/2022,Debit Card,Room 1800,Bradford,FY2 1AA,Payment Successful
PY3530,IN5777,26/9/2023,Credit Card,Suite 52,Dover,PE2 1AA,Payment Successful
PY3531,IN5778,27/1/2021,Bank Transfer,15th Floor,Cardiff,S1 1AA,Payment Successful
PY3532,IN5779,31/12/2021,Credit Card,PO Box 58125,Newcastle,WV2 1AA,Payment Successful
PY3533,IN5780,15/5/2020,Apple Pay,Room 357,Bournemouth,ZE2 0AA,Payment Successful
PY3534,IN5781,27/7/2019,Apple Pay,Room 1382,Sheffield,AB10 1AA,Payment Successful
PY3535,IN5782,25/4/2019,Credit Card,Room 999,Derby,W2A 1AA,Payment Successful
PY3536,IN5783,3/1/2021,Apple Pay,Suite 17,Luton,CM2 1AA,Payment Declined
PY3537,IN5784,2/10/2020,Debit Card,Room 1779,Peterborough,UB2 1AA,Payment Successful
PY3538,IN5785,6/8/2023,Apple Pay,20th Floor,Armagh,JE2 1AA,Payment Successful
PY3539,IN5786,31/1/2022,Apple Pay,PO Box 18042,Lichfield,W1A 1AA,Payment Successful
PY3540,IN5787,15/5/2019,Bank Transfer,Room 631,Nottingham,PE2 1AA,Payment Successful
PY3541,IN5788,22/2/2020,Bank Transfer,Room 1462,Leeds,BB2 1AA,Payment Successful
PY3542,IN5789,24/8/2023,PayPal,PO Box 93343,London,OX1 1AA,Payment Successful
PY3543,IN5790,22/10/2023,Google Pay,Apt 1763,Wolverhampton,PA1 1AA,Payment Successful
PY3544,IN5791,25/9/2021,Debit Card,Room 323,Wolverhampton,HG2 1AA,Payment Successful
PY3545,IN5792,15/4/2021,Debit Card,PO Box 6688,Derry,RM2 1AA,Payment Successful
PY3546,IN5793,24/5/2019,PayPal,Room 163,Durham,PL1 1AA,Payment Declined
PY3547,IN5794,20/12/2021,Debit Card,PO Box 2785,Bradford,TQ1 1AA,Payment Successful
PY3548,IN5795,17/3/2019,Bank Transfer,Suite 68,Leicester,M2 1AA,Payment Successful
PY3549,IN5796,30/5/2021,Bank Transfer,Suite 10,St Davids,YO1 1AA,Payment Successful
PY3550,IN5797,6/9/2021,Bank Transfer,Suite 61,Derby,LL1 1AA,Payment Successful
PY3551,IN5798,26/6/2023,Credit Card,Apt 1238,Edinburgh,CM2 1AA,Payment Declined
PY3552,IN5799,9/10/2019,Apple Pay,PO Box 38121,York,N1 1AA,Payment Successful
PY3553,IN5800,1/7/2022,Bank Transfer,Apt 1655,Milton Keynes,N1 1AA,Payment Successful
PY3554,IN5801,14/6/2022,Debit Card,Room 437,Dover,JE2 1AA,Payment Successful
PY3555,IN5802,16/9/2022,Credit Card,PO Box 27949,Aberdeen,SE2 1AA,Payment Successful
PY3556,IN5803,29/11/2023,PayPal,PO Box 26997,Glasgow,KA1 1AA,Payment Successful
PY3557,IN5804,22/3/2020,PayPal,Apt 891,Derry,PE1 1AA,Payment Successful
PY3558,IN5805,24/4/2021,Bank Transfer,Apt 262,Liverpool,G1 1AA,Payment Successful
PY3559,IN5806,29/12/2021,PayPal,Suite 76,York,DH2 1AA,Payment Successful
PY3560,IN5807,26/3/2022,Google Pay,PO Box 34507,Truro,TQ2 1AA,Payment Declined
PY3561,IN5808,21/3/2020,Apple Pay,Room 1115,Belfast,L1 1AA,Payment Successful
PY3562,IN5809,14/1/2022,Debit Card,Room 1122,Ipswich,ZE2 0AA,Payment Successful
PY3563,IN5810,30/11/2021,Bank Transfer,3rd Floor,Bath,CF10 1AA,Payment Successful
PY3564,IN5811,6/1/2020,Bank Transfer,Room 362,Bangor,PE2 1AA,Payment Successful
PY3565,IN5812,9/7/2020,Credit Card,Apt 611,Wakefield,S2 1AA,Payment Successful
PY3566,IN5813,14/4/2023,PayPal,16th Floor,Ripon,KW2 1AA,Payment Declined
PY3567,IN5814,31/10/2022,Debit Card,15th Floor,Newry,WC1A 1AA,Payment Successful
PY3568,IN5815,13/6/2023,PayPal,Apt 605,Derry,W1A 1AA,Payment Successful
PY3569,IN5816,26/10/2021,Apple Pay,PO Box 16607,Worcester,KT17 1BB,Payment Successful
PY3570,IN5817,6/4/2023,Google Pay,PO Box 36018,Stoke-on-Trent,WV1 1AA,Payment Successful
PY3571,IN5818,2/3/2023,Apple Pay,PO Box 37384,Westminster,NN2 1AA,Payment Declined
PY3572,IN5819,29/1/2022,Credit Card,Apt 1987,London,DG1 1AA,Payment Successful
PY3573,IN5820,6/1/2019,Google Pay,Room 1510,Blackpool,RM2 1AA,Payment Successful
PY3574,IN5821,12/10/2023,Bank Transfer,15th Floor,Bangor,WC1A 1AA,Payment Successful
PY3575,IN5822,25/7/2019,Credit Card,Room 564,Slough,LE1 1AA,Payment Successful
PY3576,IN5823,9/10/2022,Debit Card,PO Box 87286,Salford,WV1 1AA,Payment Successful
PY3577,IN5824,26/9/2021,Debit Card,PO Box 60463,Doncaster,YO2 1AA,Payment Successful
PY3578,IN5825,8/2/2022,PayPal,Suite 24,Swansea,WC1A 1AA,Payment Successful
PY3579,IN5826,2/2/2022,Google Pay,Suite 91,Leeds,PA2 1AA,Payment Successful
PY3580,IN5827,30/3/2020,Credit Card,2nd Floor,Leicester,SE1 1AA,Payment Successful
PY3581,IN5828,8/10/2021,Apple Pay,PO Box 7378,Ipswich,M2 1AA,Payment Successful
PY3582,IN5829,8/12/2022,Google Pay,PO Box 15327,Dundee,RG2 1AA,Payment Declined
PY3583,IN5830,14/6/2020,Credit Card,PO Box 26482,Truro,BB2 1AA,Payment Successful
PY3584,IN5831,29/9/2019,Bank Transfer,Apt 1738,York,RG2 1AA,Payment Successful
PY3585,IN5832,11/3/2022,Credit Card,15th Floor,Birmingham,OX1 1AA,Payment Successful
PY3586,IN5833,1/10/2019,Debit Card,Apt 1937,Slough,M1 1AA,Payment Successful
PY3587,IN5834,5/10/2022,Bank Transfer,18th Floor,Hereford,NE2 1AA,Payment Successful
PY3588,IN5835,14/8/2021,Debit Card,Apt 959,Hereford,CF11 1AA,Payment Successful
PY3589,IN5836,29/10/2023,Debit Card,14th Floor,Southampton,N1 1AA,Payment Successful
PY3590,IN5837,25/9/2019,Google Pay,Room 15,Sunderland,OX1 1AA,Payment Successful
PY3591,IN5838,23/1/2020,Credit Card,PO Box 99372,Cambridge,KA2 1AA,Payment Successful
PY3592,IN5839,20/6/2019,Debit Card,PO Box 77005,Derry,SA1 1AA,Payment Successful
PY3593,IN5840,10/3/2023,Bank Transfer,12th Floor,Bristol,OL2 1AA,Payment Successful
PY3594,IN5841,15/11/2023,Bank Transfer,PO Box 77258,Exeter,ME2 1AA,Payment Successful
PY3595,IN5842,15/3/2020,Credit Card,Suite 26,Aberdeen,RG1 1AA,Payment Successful
PY3596,IN5843,20/5/2020,Debit Card,Apt 550,Liverpool,KT17 1BB,Payment Declined
PY3597,IN5844,26/3/2021,Google Pay,Apt 1811,Slough,RG2 1AA,Payment Successful
PY3598,IN5845,26/11/2021,Debit Card,19th Floor,St Asaph,ZE2 0AA,Payment Successful
PY3599,IN5846,15/1/2023,Debit Card,16th Floor,Norwich,BD1 1AA,Payment Successful
PY3600,IN5847,14/7/2023,Google Pay,Apt 770,Cheltenham,KW2 1AA,Payment Successful
PY3601,IN5848,14/8/2021,Bank Transfer,15th Floor,Canterbury,AB10 1AA,Payment Successful
PY3602,IN5849,24/4/2021,PayPal,PO Box 8363,Worcester,DH1 1AA,Payment Successful
PY3603,IN5850,29/3/2023,Google Pay,Apt 1034,Manchester,KW2 1AA,Payment Successful
PY3604,IN5851,21/1/2021,Debit Card,Suite 45,Durham,ME2 1AA,Payment Successful
PY3605,IN5852,29/8/2021,Credit Card,Suite 66,Bangor,SW2A 1AA,Payment Declined
PY3606,IN5853,19/5/2021,Google Pay,Room 1295,Carlisle,EC1A 1AA,Payment Successful
PY3607,IN5854,28/6/2023,Debit Card,PO Box 46419,Cambridge,HG1 1AA,Payment Successful
PY3608,IN5855,8/7/2021,PayPal,5th Floor,Woking,LE1 1AA,Payment Successful
PY3609,IN5856,31/3/2022,Bank Transfer,Room 85,Nottingham,UB1 1AA,Payment Successful
PY3610,IN5857,10/1/2020,PayPal,Suite 28,Reading,HA1 1AA,Payment Declined
PY3611,IN5858,1/10/2020,Credit Card,Suite 39,Chester,PE1 1AA,Payment Declined
PY3612,IN5859,12/7/2020,Debit Card,Room 1064,Worcester,UB2 1AA,Payment Successful
PY3613,IN5860,1/9/2022,Credit Card,Room 1485,Luton,KA1 1AA,Payment Successful
PY3614,IN5861,2/10/2019,Bank Transfer,Room 1103,Carlisle,FY2 1AA,Payment Successful
PY3615,IN5862,4/11/2022,Apple Pay,PO Box 67580,Norwich,AB11 1AA,Payment Successful
PY3616,IN5863,9/9/2023,Apple Pay,Room 677,St Davids,YO2 1AA,Payment Declined
PY3617,IN5864,11/11/2022,Apple Pay,PO Box 79359,Carlisle,RM2 1AA,Payment Successful
PY3618,IN5865,26/9/2019,Apple Pay,Suite 32,Peterborough,TN1 1AA,Payment Successful
PY3619,IN5866,8/7/2019,Google Pay,PO Box 86958,Exeter,TQ2 1AA,Payment Declined
PY3620,IN5867,26/2/2019,Google Pay,Room 1929,Rochester,RG1 1AA,Payment Successful
PY3621,IN5868,6/2/2022,Google Pay,Apt 400,York,NN1 1AA,Payment Successful
PY3622,IN5869,6/8/2022,Bank Transfer,Suite 72,Peterborough,DH1 1AA,Payment Declined
PY3623,IN5870,28/9/2022,PayPal,18th Floor,Milton Keynes,IV2 1AA,Payment Successful
PY3624,IN5871,27/3/2022,Google Pay,17th Floor,Nottingham,LL1 1AA,Payment Successful
PY3625,IN5872,27/12/2022,Apple Pay,PO Box 46666,Newcastle,E1 1AA,Payment Successful
PY3626,IN5873,26/12/2022,Debit Card,Room 1533,Chichester,TW1 1AA,Payment Successful
PY3627,IN5874,8/11/2020,Credit Card,14th Floor,Worcester,PE2 1AA,Payment Declined
PY3628,IN5875,3/2/2023,Apple Pay,Room 33,Leeds,RM2 1AA,Payment Successful
PY3629,IN5876,5/1/2022,PayPal,Suite 28,Newcastle,EH13 5JU,Payment Successful
PY3630,IN5877,23/3/2020,PayPal,Suite 26,Aberdeen,PE1 1AA,Payment Successful
PY3631,IN5878,25/8/2023,Google Pay,Suite 14,Bournemouth,RH2 1AA,Payment Declined
PY3632,IN5879,25/1/2019,Credit Card,PO Box 86646,Oxford,GL2 1AA,Payment Successful
PY3633,IN5880,21/8/2021,Credit Card,Room 1625,Cardiff,TQ2 1AA,Payment Successful
PY3634,IN5881,30/9/2019,Apple Pay,Suite 55,Inverness,KA2 1AA,Payment Successful
PY3635,IN5882,30/3/2023,Apple Pay,15th Floor,Stirling,UB2 1AA,Payment Successful
PY3636,IN5883,5/8/2020,PayPal,Apt 641,Ipswich,NN2 1AA,Payment Successful
PY3637,IN5884,17/4/2020,Bank Transfer,Room 1448,Swindon,G2 1AA,Payment Successful
PY3638,IN5885,14/7/2020,Debit Card,PO Box 50061,St Albans,EH12 5JU,Payment Successful
PY3639,IN5886,3/4/2020,Bank Transfer,Room 1636,Lincoln,CM2 1AA,Payment Successful
PY3640,IN5887,20/8/2022,PayPal,16th Floor,York,SE1 1AA,Payment Successful
PY3641,IN5888,16/11/2019,Google Pay,Suite 70,Lincoln,JE2 1AA,Payment Successful
PY3642,IN5889,2/12/2021,PayPal,Apt 804,Armagh,OX1 1AA,Payment Successful
PY3643,IN5890,25/11/2019,Debit Card,Suite 3,Derby,TW2 1AA,Payment Successful
PY3644,IN5891,18/12/2021,Debit Card,Apt 781,Lincoln,TW1 1AA,Payment Declined
PY3645,IN5892,13/11/2023,Credit Card,PO Box 71255,Sheffield,G2 1AA,Payment Successful
PY3646,IN5893,17/6/2023,Google Pay,Room 1192,Luton,DH1 1AA,Payment Successful
PY3647,IN5894,10/11/2023,Debit Card,PO Box 65171,Birmingham,BD2 1AA,Payment Successful
PY3648,IN5895,7/8/2019,Debit Card,Suite 26,Nottingham,NE2 1AA,Payment Successful
PY3649,IN5896,5/4/2021,Google Pay,Apt 376,Salford,RM2 1AA,Payment Successful
PY3650,IN5897,23/4/2023,Credit Card,PO Box 72383,Canterbury,EC1A 1AA,Payment Successful
PY3651,IN5898,6/12/2020,PayPal,Room 1132,Durham,HG2 1AA,Payment Successful
PY3652,IN5899,23/12/2022,Credit Card,9th Floor,Stirling,RG2 1AA,Payment Successful
PY3653,IN5900,8/12/2020,Bank Transfer,Apt 1532,Portsmouth,DH1 1AA,Payment Successful
PY3654,IN5901,28/9/2023,Bank Transfer,8th Floor,Truro,OX1 1AA,Payment Successful
PY3655,IN5902,7/8/2021,PayPal,Room 599,Wells,GL2 1AA,Payment Successful
PY3656,IN5903,10/8/2023,Debit Card,Room 1698,Leicester,CF11 1AA,Payment Declined
PY3657,IN5904,26/11/2019,PayPal,Apt 1904,St Albans,LE2 1AA,Payment Successful
PY3658,IN5905,14/6/2021,Debit Card,1st Floor,Canterbury,CM1 1AA,Payment Successful
PY3659,IN5906,24/4/2022,Apple Pay,Suite 97,Oxford,EC2A 1AA,Payment Successful
PY3660,IN5907,24/8/2023,Credit Card,Room 893,Wolverhampton,PA2 1AA,Payment Successful
PY3661,IN5908,19/7/2021,Debit Card,Room 1013,Lichfield,ML2 1AA,Payment Successful
PY3662,IN5909,15/12/2022,Google Pay,6th Floor,Ipswich,RM1 1AA,Payment Successful
PY3663,IN5910,15/11/2023,Credit Card,Room 1330,Bristol,PL2 1AA,Payment Successful
PY3664,IN5911,7/3/2021,PayPal,Apt 1729,Bangor,HA1 1AA,Payment Successful
PY3665,IN5912,25/1/2020,Bank Transfer,Apt 1348,Belfast,LL2 1AA,Payment Declined
PY3666,IN5913,11/12/2021,Bank Transfer,13th Floor,Milton Keynes,IV1 1AA,Payment Successful
PY3667,IN5914,17/5/2021,Bank Transfer,Suite 79,Lincoln,S1 1AA,Payment Successful
PY3668,IN5915,22/1/2022,Debit Card,Room 244,Chester,RM1 1AA,Payment Successful
PY3669,IN5916,7/4/2020,Google Pay,17th Floor,Dundee,PL1 1AA,Payment Successful
PY3670,IN5917,4/8/2021,Google Pay,Apt 502,Carlisle,PA1 1AA,Payment Successful
PY3671,IN5918,1/10/2023,Google Pay,18th Floor,Liverpool,EC2A 1AA,Payment Successful
PY3672,IN5919,11/9/2022,Bank Transfer,Suite 76,Reading,HG1 1AA,Payment Declined
PY3673,IN5920,17/10/2019,Credit Card,Room 1092,Southampton,G2 1AA,Payment Successful
PY3674,IN5921,20/12/2020,Google Pay,PO Box 89324,Chichester,LL1 1AA,Payment Successful
PY3675,IN5922,3/2/2022,Bank Transfer,Suite 21,Lichfield,PA2 1AA,Payment Successful
PY3676,IN5923,22/8/2021,Bank Transfer,PO Box 12512,Woking,KA1 1AA,Payment Successful
PY3677,IN5924,3/9/2021,Debit Card,Apt 1984,Bangor,YO2 1AA,Payment Declined
PY3678,IN5925,17/8/2022,Debit Card,Suite 53,Warrington,M1 1AA,Payment Successful
PY3679,IN5926,22/1/2022,Apple Pay,9th Floor,Brighton,NE1 1AA,Payment Successful
PY3680,IN5927,26/8/2021,Credit Card,16th Floor,Warrington,AB10 1AA,Payment Successful
PY3681,IN5928,7/4/2022,Bank Transfer,18th Floor,Blackpool,OX2 1AA,Payment Declined
PY3682,IN5929,17/10/2019,PayPal,Room 1158,York,YO2 1AA,Payment Successful
PY3683,IN5930,14/10/2020,Debit Card,PO Box 98515,Derry,S2 1AA,Payment Successful
PY3684,IN5931,25/7/2023,Google Pay,Suite 95,Doncaster,PL2 1AA,Payment Successful
PY3685,IN5932,6/6/2019,PayPal,16th Floor,Carlisle,E2 1AA,Payment Successful
PY3686,IN5933,24/12/2020,Apple Pay,PO Box 74233,Newcastle,HG1 1AA,Payment Successful
PY3687,IN5934,21/6/2019,Debit Card,Apt 612,Canterbury,S1 1AA,Payment Successful
PY3688,IN5935,14/6/2023,Apple Pay,12th Floor,Aberdeen,EC2A 1AA,Payment Declined
PY3689,IN5936,10/2/2021,Google Pay,20th Floor,Slough,HA2 1AA,Payment Declined
PY3690,IN5937,15/8/2019,Debit Card,Suite 5,Sheffield,AB10 1AA,Payment Successful
PY3691,IN5938,17/6/2023,Bank Transfer,Suite 52,Derry,PA2 1AA,Payment Successful
PY3692,IN5939,15/6/2022,Credit Card,4th Floor,Glasgow,W1A 1AA,Payment Successful
PY3693,IN5940,22/5/2020,Apple Pay,Apt 1766,Ely,KT18 1BB,Payment Declined
PY3694,IN5941,23/12/2020,Google Pay,Room 1324,Inverness,UB2 1AA,Payment Successful
PY3695,IN5942,2/10/2022,Apple Pay,13th Floor,Milton Keynes,E2 1AA,Payment Successful
PY3696,IN5943,24/8/2023,PayPal,Apt 1779,Bournemouth,CM1 1AA,Payment Successful
PY3697,IN5944,21/9/2019,Credit Card,Room 1489,Belfast,HA2 1AA,Payment Successful
PY3698,IN5945,4/2/2022,PayPal,Apt 86,Birmingham,L1 1AA,Payment Successful
PY3699,IN5946,29/4/2021,Google Pay,Suite 33,Worcester,DH2 1AA,Payment Successful
PY3700,IN5947,6/5/2023,Debit Card,Room 717,Swindon,HG2 1AA,Payment Successful
PY3701,IN5948,8/2/2020,Bank Transfer,PO Box 11853,Liverpool,RH1 1AA,Payment Successful
PY3702,IN5949,25/3/2020,Debit Card,Suite 28,Chester,HG1 1AA,Payment Successful
PY3703,IN5950,30/12/2021,PayPal,Apt 963,Nottingham,TQ2 1AA,Payment Successful
PY3704,IN5951,12/2/2021,PayPal,Suite 73,Slough,W1A 1AA,Payment Successful
PY3705,IN5952,3/5/2021,Apple Pay,PO Box 44239,Doncaster,NN2 1AA,Payment Successful
PY3706,IN5953,9/6/2021,PayPal,Apt 950,Coventry,EH12 5JU,Payment Successful
PY3707,IN5954,14/9/2023,Credit Card,Apt 1669,Aberdeen,AB10 1AA,Payment Successful
PY3708,IN5955,21/8/2023,PayPal,7th Floor,Cambridge,GL1 1AA,Payment Successful
PY3709,IN5956,23/9/2022,Apple Pay,19th Floor,Swindon,L1 1AA,Payment Successful
PY3710,IN5957,29/11/2021,Credit Card,Suite 11,Slough,DG1 1AA,Payment Declined
PY3711,IN5958,23/6/2020,Debit Card,Room 103,Truro,WC1A 1AA,Payment Successful
PY3712,IN5959,10/11/2022,Credit Card,PO Box 29116,Salford,YO1 1AA,Payment Successful
PY3713,IN5960,25/3/2020,Bank Transfer,Room 705,Dover,PE2 1AA,Payment Successful
PY3714,IN5961,21/5/2021,Apple Pay,Suite 83,Preston,TW2 1AA,Payment Successful
PY3715,IN5962,31/3/2022,Credit Card,1st Floor,Chichester,HG1 1AA,Payment Declined
PY3716,IN5963,22/7/2023,Bank Transfer,Room 126,Luton,ZE1 0AA,Payment Successful
PY3717,IN5964,27/8/2023,Apple Pay,Apt 242,Reading,SA2 1AA,Payment Successful
PY3718,IN5965,9/9/2021,Google Pay,Suite 20,Swindon,B1 1AA,Payment Successful
PY3719,IN5966,28/9/2023,Credit Card,Apt 852,York,CM2 1AA,Payment Successful
PY3720,IN5967,14/3/2023,PayPal,13th Floor,Preston,FY2 1AA,Payment Successful
PY3721,IN5968,19/2/2020,Apple Pay,Suite 12,Wakefield,TQ1 1AA,Payment Successful
PY3722,IN5969,6/11/2020,Google Pay,Apt 1618,Portsmouth,EC2A 1AA,Payment Successful
PY3723,IN5970,25/8/2022,Bank Transfer,Suite 59,Elgin,PL1 1AA,Payment Successful
PY3724,IN5971,1/7/2023,Apple Pay,PO Box 718,Liverpool,PL2 1AA,Payment Successful
PY3725,IN5972,6/12/2020,Credit Card,Suite 72,Newry,DG2 1AA,Payment Successful
PY3726,IN5973,6/6/2023,Debit Card,16th Floor,Oxford,W2A 1AA,Payment Successful
PY3727,IN5974,11/9/2022,Apple Pay,Room 284,Newry,HG1 1AA,Payment Declined
PY3728,IN5975,9/2/2020,Apple Pay,Apt 166,Plymouth,HG1 1AA,Payment Successful
PY3729,IN5976,9/1/2023,Apple Pay,Room 860,Blackpool,LE2 1AA,Payment Successful
PY3730,IN5977,13/11/2021,Credit Card,Room 1557,Peterborough,BB2 1AA,Payment Successful
PY3731,IN5978,23/4/2020,Google Pay,Suite 75,Manchester,CF11 1AA,Payment Successful
PY3732,IN5979,23/7/2019,Google Pay,5th Floor,Peterborough,B1 1AA,Payment Declined
PY3733,IN5980,13/7/2023,Debit Card,Suite 37,Sheffield,ZE1 0AA,Payment Successful
PY3734,IN5981,9/1/2019,PayPal,14th Floor,Armagh,SA2 1AA,Payment Successful
PY3735,IN5982,12/3/2022,Bank Transfer,Room 676,Lincoln,PA1 1AA,Payment Successful
PY3736,IN5983,23/1/2019,Debit Card,Room 968,Glasgow,AB10 1AA,Payment Successful
PY3737,IN5984,11/2/2023,PayPal,PO Box 93189,Perth,SW1A 1AA,Payment Successful
PY3738,IN5985,8/11/2021,Google Pay,11th Floor,Sunderland,WC1A 1AA,Payment Successful
PY3739,IN5986,1/11/2023,Debit Card,PO Box 83390,Swindon,BD1 1AA,Payment Successful
PY3740,IN5987,27/1/2019,Google Pay,Apt 917,Carlisle,WV2 1AA,Payment Successful
PY3741,IN5988,13/12/2021,Bank Transfer,PO Box 40534,Swindon,JE2 1AA,Payment Declined
PY3742,IN5989,29/10/2021,Credit Card,11th Floor,Ripon,BD1 1AA,Payment Successful
PY3743,IN5990,15/5/2020,Apple Pay,Apt 434,St Asaph,EH13 5JU,Payment Successful
PY3744,IN5991,16/6/2020,PayPal,17th Floor,Inverness,FY2 1AA,Payment Successful
PY3745,IN5992,29/12/2021,Apple Pay,Apt 1701,Swansea,GL2 1AA,Payment Successful
PY3746,IN5993,1/7/2022,Credit Card,Apt 611,Brighton,ZE1 0AA,Payment Declined
PY3747,IN5994,29/8/2020,PayPal,Apt 1579,Chichester,SW2A 1AA,Payment Successful
PY3748,IN5995,27/6/2020,Apple Pay,1st Floor,Coventry,TQ2 1AA,Payment Successful
PY3749,IN5996,26/7/2020,Google Pay,Suite 76,Aberdeen,YO2 1AA,Payment Successful
PY3750,IN5997,17/8/2020,Apple Pay,Suite 9,Bangor,TW1 1AA,Payment Declined
PY3751,IN5998,26/8/2020,Debit Card,PO Box 58845,Sunderland,FY2 1AA,Payment Successful
PY3752,IN5999,8/11/2020,PayPal,Apt 183,Salisbury,LL1 1AA,Payment Successful
PY3753,IN6000,6/12/2021,Debit Card,12th Floor,Hull,DG1 1AA,Payment Successful
PY3754,IN6001,14/8/2021,Debit Card,18th Floor,Portsmouth,IV1 1AA,Payment Successful
PY3755,IN6002,11/1/2023,Google Pay,Apt 869,St Albans,RG1 1AA,Payment Successful
PY3756,IN6003,21/10/2019,Credit Card,Room 1352,Woking,OX1 1AA,Payment Declined
PY3757,IN6004,21/1/2020,Credit Card,Apt 1634,Swindon,B2 1AA,Payment Successful
PY3758,IN6005,11/1/2022,Bank Transfer,10th Floor,Wakefield,HG2 1AA,Payment Successful
PY3759,IN6006,14/6/2019,Apple Pay,Room 186,Leicester,L2 1AA,Payment Declined
PY3760,IN6007,11/1/2022,Google Pay,Suite 31,Canterbury,NE2 1AA,Payment Successful
PY3761,IN6008,16/9/2020,Credit Card,11th Floor,Hereford,YO2 1AA,Payment Successful
PY3762,IN6009,28/7/2021,Bank Transfer,Room 1800,Newcastle,SW1A 1AA,Payment Successful
PY3763,IN6010,17/2/2020,Apple Pay,PO Box 32429,Milton Keynes,RG1 1AA,Payment Successful
PY3764,IN6011,29/8/2021,Debit Card,Apt 425,Lancaster,TW2 1AA,Payment Successful
PY3765,IN6012,9/6/2023,Debit Card,Room 410,Ely,WC2A 1AA,Payment Successful
PY3766,IN6013,22/3/2023,PayPal,PO Box 89182,Inverness,CM2 1AA,Payment Declined
PY3767,IN6014,16/10/2019,Bank Transfer,PO Box 27727,Portsmouth,NE1 1AA,Payment Successful
PY3768,IN6015,11/11/2019,Google Pay,Suite 78,Reading,PA2 1AA,Payment Declined
PY3769,IN6016,21/5/2020,Apple Pay,Apt 1531,Brighton,SA2 1AA,Payment Successful
PY3770,IN6017,13/12/2019,Credit Card,Room 1533,Hereford,YO1 1AA,Payment Declined
PY3771,IN6018,21/3/2023,Credit Card,Apt 53,Worcester,NN1 1AA,Payment Successful
PY3772,IN6019,24/8/2019,PayPal,16th Floor,Swindon,ME2 1AA,Payment Successful
PY3773,IN6020,3/11/2021,Debit Card,PO Box 77221,York,DH2 1AA,Payment Successful
PY3774,IN6021,16/1/2023,Apple Pay,Apt 563,Nottingham,G1 1AA,Payment Successful
PY3775,IN6022,2/2/2022,PayPal,Suite 75,London,SW1A 1AA,Payment Successful
PY3776,IN6023,26/7/2023,Bank Transfer,Room 815,Truro,PE2 1AA,Payment Successful
PY3777,IN6024,24/1/2021,Credit Card,18th Floor,London,G1 1AA,Payment Successful
PY3778,IN6025,2/11/2022,Debit Card,Room 1186,Derby,B2 1AA,Payment Successful
PY3779,IN6026,1/1/2019,Debit Card,18th Floor,Liverpool,BD2 1AA,Payment Successful
PY3780,IN6027,27/8/2022,Google Pay,PO Box 91242,Bournemouth,SW2A 1AA,Payment Successful
PY3781,IN6028,15/11/2022,Bank Transfer,Suite 65,Portsmouth,UB2 1AA,Payment Declined
PY3782,IN6029,19/11/2019,Google Pay,Room 1680,Coventry,YO1 1AA,Payment Successful
PY3783,IN6030,22/9/2019,PayPal,PO Box 71137,Armagh,UB2 1AA,Payment Successful
PY3784,IN6031,2/8/2020,Debit Card,2nd Floor,Chichester,HA2 1AA,Payment Successful
PY3785,IN6032,10/10/2020,PayPal,PO Box 34009,Southampton,ME2 1AA,Payment Successful
PY3786,IN6033,30/11/2022,Apple Pay,Suite 54,Stoke-on-Trent,HA2 1AA,Payment Successful
PY3787,IN6034,9/3/2022,Credit Card,Suite 24,Oxford,RG1 1AA,Payment Successful
PY3788,IN6035,25/10/2023,Google Pay,Room 1372,Wolverhampton,RM1 1AA,Payment Successful
PY3789,IN6036,14/5/2021,Bank Transfer,Apt 1751,Dover,GL2 1AA,Payment Successful
PY3790,IN6037,3/10/2019,PayPal,Suite 85,Luton,OL2 1AA,Payment Successful
PY3791,IN6038,21/12/2022,Apple Pay,Apt 1937,Swindon,DH1 1AA,Payment Successful
PY3792,IN6039,10/8/2020,Apple Pay,Apt 1945,Westminster,YO1 1AA,Payment Successful
PY3793,IN6040,13/2/2023,Google Pay,Room 1872,Winchester,CF11 1AA,Payment Successful
PY3794,IN6041,19/7/2022,Bank Transfer,Apt 1020,Lichfield,SA2 1AA,Payment Successful
PY3795,IN6042,2/6/2019,Google Pay,Suite 30,Cardiff,RG1 1AA,Payment Successful
PY3796,IN6043,6/11/2019,Debit Card,Room 1876,Hereford,AB11 1AA,Payment Successful
PY3797,IN6044,15/4/2020,Apple Pay,Apt 1452,Birmingham,ZE2 0AA,Payment Successful
PY3798,IN6045,4/12/2021,PayPal,Suite 29,Coventry,RH1 1AA,Payment Successful
PY3799,IN6046,25/9/2023,Apple Pay,PO Box 29796,Newcastle,N2 1AA,Payment Successful
PY3800,IN6047,3/3/2020,Credit Card,PO Box 6505,Warrington,M2 1AA,Payment Successful
PY3801,IN6048,3/9/2022,PayPal,Room 446,Reading,TQ1 1AA,Payment Successful
PY3802,IN6049,29/1/2020,Google Pay,Suite 92,Chichester,IV1 1AA,Payment Successful
PY3803,IN6050,9/9/2022,Google Pay,Apt 1731,Westminster,TN1 1AA,Payment Successful
PY3804,IN6051,14/1/2019,Debit Card,PO Box 55186,Edinburgh,TW1 1AA,Payment Declined
PY3805,IN6052,25/2/2020,Bank Transfer,Suite 88,Rochester,N1 1AA,Payment Successful
PY3806,IN6053,20/11/2020,Bank Transfer,7th Floor,Cheltenham,YO2 1AA,Payment Successful
PY3807,IN6054,4/4/2021,PayPal,PO Box 83067,Derry,RH1 1AA,Payment Successful
PY3808,IN6055,31/5/2022,Credit Card,Suite 69,London,RM1 1AA,Payment Successful
PY3809,IN6056,20/7/2022,Debit Card,Room 971,Coventry,TN1 1AA,Payment Successful
PY3810,IN6057,27/5/2022,Google Pay,Suite 23,Wakefield,AB10 1AA,Payment Successful
PY3811,IN6058,16/11/2023,Debit Card,20th Floor,Chichester,JE2 1AA,Payment Successful
PY3812,IN6059,3/1/2022,Credit Card,Room 26,Lincoln,ZE2 0AA,Payment Successful
PY3813,IN6060,2/8/2021,Bank Transfer,6th Floor,Cheltenham,KW1 1AA,Payment Successful
PY3814,IN6061,11/7/2023,Bank Transfer,Room 213,Woking,OL1 1AA,Payment Successful
PY3815,IN6062,21/9/2023,Debit Card,Room 601,Stoke-on-Trent,AB10 1AA,Payment Successful
PY3816,IN6063,20/5/2023,Bank Transfer,Apt 1060,Plymouth,JE2 1AA,Payment Successful
PY3817,IN6064,14/8/2019,Google Pay,Suite 47,Birmingham,ML1 1AA,Payment Successful
PY3818,IN6065,4/9/2019,PayPal,Room 389,Rochester,TN2 1AA,Payment Successful
PY3819,IN6066,3/4/2022,PayPal,Apt 431,Canterbury,M2 1AA,Payment Successful
PY3820,IN6067,2/2/2021,Google Pay,14th Floor,Peterborough,TW1 1AA,Payment Successful
PY3821,IN6068,24/7/2021,Google Pay,PO Box 46543,Preston,PE1 1AA,Payment Successful
PY3822,IN6069,3/5/2019,Apple Pay,PO Box 730,Bangor,KW1 1AA,Payment Successful
PY3823,IN6070,16/2/2023,Credit Card,PO Box 1306,Stoke-on-Trent,HG1 1AA,Payment Declined
PY3824,IN6071,14/8/2023,Bank Transfer,PO Box 76792,Cheltenham,NN1 1AA,Payment Successful
PY3825,IN6072,20/10/2023,Debit Card,Room 561,Cardiff,CF10 1AA,Payment Declined
PY3826,IN6073,4/12/2021,Bank Transfer,Suite 29,Inverness,KW2 1AA,Payment Successful
PY3827,IN6074,27/11/2021,Apple Pay,PO Box 4910,Brighton,M1 1AA,Payment Successful
PY3828,IN6075,29/3/2021,Credit Card,Apt 221,Truro,KT17 1BB,Payment Declined
PY3829,IN6076,16/6/2023,Bank Transfer,Suite 12,Stirling,TW2 1AA,Payment Successful
PY3830,IN6077,9/6/2023,Debit Card,PO Box 24028,Wells,TQ1 1AA,Payment Successful
PY3831,IN6078,4/10/2021,Credit Card,PO Box 50107,Bournemouth,KT18 1BB,Payment Successful
PY3832,IN6079,30/7/2022,Bank Transfer,8th Floor,Oxford,LE2 1AA,Payment Successful
PY3833,IN6080,11/9/2023,Debit Card,Suite 86,Norwich,LE2 1AA,Payment Successful
PY3834,IN6081,13/3/2022,Bank Transfer,Apt 942,Cambridge,GL1 1AA,Payment Successful
PY3835,IN6082,8/4/2021,Credit Card,Room 1006,Leicester,RG2 1AA,Payment Successful
PY3836,IN6083,1/4/2020,Apple Pay,Suite 66,Wolverhampton,ZE1 0AA,Payment Declined
PY3837,IN6084,19/12/2020,Google Pay,Suite 70,Carlisle,DG2 1AA,Payment Successful
PY3838,IN6085,30/8/2020,Credit Card,12th Floor,Swansea,TN1 1AA,Payment Successful
PY3839,IN6086,7/4/2021,Bank Transfer,7th Floor,Sheffield,DG1 1AA,Payment Successful
PY3840,IN6087,9/12/2019,Credit Card,Apt 1023,St Asaph,KT17 1BB,Payment Successful
PY3841,IN6088,10/11/2020,Google Pay,Apt 572,Cheltenham,ME2 1AA,Payment Successful